,Expected goals (xG),Total shots,Big chances,Big chances missed,Accurate passes,Accurate passes percentage,Fouls committed,Offsides,Corners,Shots off target,Shots on target,Blocked shots,Hit woodwork,Shots inside box,Shots outside box,xG open play,xG set play,xG on target (xGOT),Passes,Own half,Opposition half,Accurate long balls,Accurate long balls percentage,Accurate crosses,Accurate crosses percentage,Throws,Yellow cards,Red cards,Tackles won,Tackles won percentage,Interceptions,Blocks,Clearances,Keeper saves,Duels won,Ground duels won,Ground duels won percentage,Aerial duels won,Aerial duels won percentage,Successful dribbles,Successful dribbles percentage,score,posession,0,1,2,final_score,odds_predict
0,0.89,7.0,1.0,0.0,77.0,0.05999999999999994,-3.0,1.0,1.0,4.0,0.0,3.0,0.0,7.0,0.0,0.97,-0.08,0.28,77.0,43.0,34.0,8.0,0.13000000000000006,3.0,0.23,2.0,-2.0,0.0,-3.0,0.26,2.0,-3.0,-1.0,0.0,-2.0,-1.0,-0.030000000000000027,-1.0,-0.10000000000000003,4.0,-0.31,0.0,20.0,2.3,2.3875,4.2,0,0
1,-1.21,-5.0,-1.0,0.0,-54.0,-0.08999999999999997,9.0,-1.0,-1.0,-1.0,-2.0,-2.0,0.0,-4.0,-1.0,-0.9600000000000001,-0.26,-1.28,-49.0,5.0,-59.0,-7.0,-0.15000000000000002,-1.0,0.0,-3.0,2.0,0.0,5.0,0.39999999999999997,0.0,2.0,9.0,0.0,-3.0,-5.0,-0.15999999999999998,2.0,0.06,-2.0,-0.10999999999999999,-1.0,-16.0,4.75,13.0,1.25,2,2
2,-0.74,-3.0,-1.0,0.0,-140.0,-0.10999999999999999,-3.0,0.0,-1.0,0.0,-1.0,-2.0,0.0,-1.0,-2.0,-0.06,-0.67,-1.25,-141.0,-31.0,-109.0,-7.0,-0.3,-1.0,-0.010000000000000009,-5.0,-2.0,0.0,-2.0,0.43000000000000005,4.0,1.0,5.0,-1.0,-15.0,-8.0,-0.39999999999999997,-7.0,-0.6399999999999999,-4.0,-0.8,-2.0,-26.0,20.0,56.0,1.024390243902439,2,2
3,0.37,4.0,1.0,1.0,56.0,0.039999999999999925,-1.0,-1.0,-1.0,3.0,2.0,-1.0,1.0,2.0,2.0,0.37,,0.9700000000000001,56.0,-14.0,70.0,-4.0,-0.010000000000000009,4.0,0.4,-2.0,-2.0,0.0,-3.0,-0.17000000000000004,-4.0,1.0,-6.0,-3.0,-5.0,1.0,0.020000000000000018,-6.0,-0.35999999999999993,3.0,0.039999999999999925,-1.0,12.0,3.5,6.5,1.6,1,2
4,-2.94,-12.0,-3.0,0.0,-242.0,-0.32999999999999996,-1.0,-1.0,-4.0,0.0,-6.0,-6.0,1.0,-10.0,-2.0,-2.1799999999999997,-0.76,-3.13,-234.0,-105.0,-137.0,-4.0,-0.30999999999999994,-1.0,0.13,-8.0,1.0,0.0,1.0,0.07000000000000006,3.0,6.0,13.0,2.0,7.0,5.0,0.24,2.0,0.10000000000000003,3.0,0.6,-4.0,-50.0,226.0,201.0,1.04,2,2
5,-0.95,1.0,-2.0,0.0,-21.0,-0.019999999999999907,0.0,1.0,2.0,2.0,-1.0,0.0,0.0,0.0,1.0,-0.04000000000000001,-0.13,-1.99,-19.0,-59.0,38.0,-1.0,0.20000000000000007,0.0,-0.040000000000000036,5.0,0.0,0.0,-4.0,-0.28,4.0,0.0,-4.0,0.0,-5.0,-6.0,-0.26,1.0,0.050000000000000044,0.0,-0.25,-1.0,-4.0,3.126923076923077,4.5,1.8166666666666669,2,2
6,-0.33,-3.0,1.0,0.0,-104.0,-0.15000000000000002,-1.0,3.0,-3.0,0.0,0.0,-3.0,0.0,1.0,-4.0,0.31,-0.64,0.71,-97.0,-51.0,-53.0,3.0,-0.09000000000000002,2.0,0.29,-1.0,0.0,0.0,2.0,-0.06,-1.0,3.0,6.0,1.0,7.0,3.0,0.10000000000000003,4.0,0.25,-1.0,0.10999999999999999,1.0,-22.0,3.9,1.4444444444444444,7.25,1,1
7,-0.32,4.0,-1.0,-1.0,39.0,0.030000000000000027,5.0,1.0,0.0,2.0,-1.0,3.0,0.0,1.0,3.0,-0.32,,-0.74,36.0,-35.0,74.0,-16.0,-0.17000000000000004,0.0,-0.04000000000000001,3.0,0.0,0.0,4.0,0.0,5.0,-3.0,7.0,1.0,2.0,4.0,0.18,-2.0,-0.34,3.0,0.63,0.0,6.0,2.5,2.05,5.225,1,1
8,-0.040000000000000036,-7.0,0.0,0.0,-76.0,-0.15999999999999992,1.0,2.0,-2.0,-3.0,-2.0,-2.0,0.0,-7.0,0.0,-0.63,-0.19,0.3599999999999999,-65.0,-8.0,-68.0,-4.0,-0.27,-1.0,0.06,-11.0,0.0,0.0,1.0,0.040000000000000036,-1.0,3.0,5.0,1.0,4.0,2.0,0.06000000000000005,2.0,0.15999999999999998,3.0,0.04999999999999999,-1.0,-20.0,4.0,7.0,1.4444444444444444,2,2
9,-0.21000000000000008,-6.0,-2.0,0.0,-110.0,-0.09999999999999998,0.0,0.0,-3.0,-2.0,-4.0,0.0,-1.0,-1.0,-5.0,0.15000000000000002,-0.36000000000000004,-0.94,-102.0,-26.0,-84.0,-6.0,-0.10999999999999999,0.0,0.2,3.0,0.0,0.0,-3.0,-0.25,-2.0,0.0,8.0,1.0,-4.0,-3.0,-0.13999999999999996,-1.0,-0.13999999999999996,0.0,0.34,-3.0,-20.0,100.0,251.0,1.0041666666666667,2,2
10,-1.56,-10.0,-2.0,-2.0,-102.0,-0.15999999999999992,3.0,2.0,-6.0,-3.0,-2.0,-5.0,0.0,-9.0,-1.0,-0.95,-0.6,0.6900000000000002,-96.0,-23.0,-79.0,-2.0,-0.09999999999999998,-1.0,0.23,-1.0,1.0,0.0,1.0,0.030000000000000027,3.0,6.0,11.0,1.0,4.0,1.0,0.010000000000000009,3.0,0.12000000000000005,3.0,0.22000000000000003,0.0,-26.0,3.25,6.5,1.6153846153846154,1,2
11,0.15,3.0,0.0,0.0,104.0,0.06999999999999995,-4.0,1.0,1.0,0.0,2.0,1.0,0.0,2.0,1.0,0.15,,0.12,105.0,58.0,46.0,6.0,0.11000000000000004,-1.0,-0.30000000000000004,1.0,0.0,0.0,3.0,0.31000000000000005,-7.0,-1.0,-10.0,-2.0,4.0,4.0,0.12000000000000005,0.0,0.0,-1.0,0.17000000000000004,0.0,20.0,2.375,2.25,5.0,2,1
12,-0.8800000000000001,-4.0,1.0,1.0,-100.0,-0.09999999999999998,-3.0,1.0,-4.0,1.0,-1.0,-4.0,0.0,-2.0,-2.0,-0.8200000000000001,-0.06,-0.14,-104.0,-62.0,-38.0,3.0,0.04999999999999993,-1.0,0.15000000000000002,-5.0,1.0,0.0,-1.0,0.06999999999999995,2.0,4.0,8.0,2.0,0.0,0.0,0.0,0.0,0.0,0.0,0.38000000000000006,1.0,-30.0,3.5,1.5316666666666667,7.5,0,1
13,1.1,4.0,2.0,0.0,-96.0,-0.06000000000000005,3.0,0.0,-1.0,-1.0,5.0,0.0,0.0,5.0,-1.0,0.30000000000000004,0.01,2.11,-97.0,-35.0,-61.0,4.0,0.26999999999999996,-2.0,-0.009999999999999981,3.0,-1.0,0.0,1.0,-0.15999999999999992,-3.0,0.0,1.0,-3.0,6.0,7.0,0.19999999999999996,-1.0,-0.19999999999999996,6.0,0.18999999999999995,2.0,-22.0,13.0,1.05,41.0,1,1
14,-0.7,-2.0,-1.0,0.0,-39.0,-0.039999999999999925,-4.0,0.0,-1.0,0.0,-4.0,2.0,0.0,-3.0,1.0,-0.6799999999999999,-0.009999999999999981,-1.46,-34.0,24.0,-63.0,5.0,-0.010000000000000009,-3.0,-0.27,10.0,0.0,0.0,-1.0,0.36,-5.0,-2.0,1.0,1.0,1.0,-1.0,-0.040000000000000036,2.0,0.15999999999999998,0.0,0.11000000000000004,-3.0,-8.0,26.0,81.0,1.0125,2,2
15,0.31999999999999995,5.0,0.0,0.0,-40.0,-0.050000000000000044,-2.0,3.0,0.0,4.0,2.0,-1.0,1.0,2.0,3.0,0.07,0.25,1.15,-34.0,-39.0,-1.0,-1.0,0.0,1.0,0.14,-2.0,2.0,-1.0,2.0,0.4,4.0,2.0,-3.0,-2.0,7.0,2.0,0.06000000000000005,5.0,0.45999999999999996,0.0,0.0,1.0,-6.0,6.625,1.1519230769230768,23.0,1,1
16,-0.78,-7.0,-3.0,-3.0,56.0,0.0,0.0,0.0,-2.0,-2.0,-3.0,-2.0,0.0,-5.0,-2.0,-0.97,0.19,-1.21,69.0,49.0,7.0,-2.0,-0.08999999999999997,-4.0,-0.21,-2.0,0.0,0.0,1.0,-0.14999999999999997,-3.0,1.0,2.0,4.0,-1.0,3.0,0.08000000000000002,-4.0,-0.34,-3.0,-0.16,0.0,16.0,2.55,3.0,2.9,0,0
17,-0.39,-6.0,-1.0,-1.0,-21.0,-0.039999999999999925,-5.0,2.0,-6.0,-3.0,-2.0,-1.0,0.0,-4.0,-2.0,-0.29000000000000004,-0.09000000000000001,-0.34,-15.0,21.0,-42.0,8.0,0.14,-4.0,-0.31,2.0,-1.0,0.0,-3.0,-0.45999999999999996,7.0,2.0,-3.0,2.0,1.0,-1.0,-0.020000000000000018,2.0,0.34,-5.0,-0.31,0.0,-6.0,2.4772727272727275,3.1125,2.8,2,0
18,0.43,2.0,1.0,0.0,7.0,0.0,3.0,0.0,-2.0,-1.0,2.0,1.0,0.0,2.0,0.0,0.42000000000000004,0.010000000000000002,1.0999999999999999,9.0,28.0,-21.0,-4.0,-0.16000000000000003,0.0,0.04999999999999999,3.0,1.0,0.0,1.0,0.029999999999999916,-1.0,-1.0,2.0,0.0,3.0,3.0,0.07000000000000006,0.0,0.0,4.0,0.46,2.0,2.0,18.0,1.024390243902439,151.0,1,1
19,0.54,1.0,1.0,1.0,9.0,0.040000000000000036,5.0,0.0,-2.0,2.0,1.0,-2.0,0.0,3.0,-2.0,0.6,-0.06000000000000001,0.8,4.0,-14.0,23.0,-3.0,-0.050000000000000044,0.0,-0.05000000000000002,-4.0,-1.0,0.0,3.0,0.13999999999999996,5.0,2.0,0.0,0.0,2.0,-1.0,-0.040000000000000036,3.0,0.18,0.0,0.0,1.0,2.0,4.6,1.2928571428571427,13.0,1,1
20,-0.25999999999999995,-4.0,0.0,-1.0,16.0,-0.020000000000000018,2.0,-1.0,0.0,0.0,-1.0,-3.0,0.0,-3.0,-1.0,-0.49000000000000005,0.23,0.42999999999999994,26.0,-8.0,24.0,-10.0,-0.26999999999999996,-3.0,-0.33,-6.0,1.0,0.0,6.0,0.5,6.0,4.0,-11.0,0.0,2.0,2.0,0.10999999999999999,0.0,0.0,0.0,0.11000000000000004,0.0,8.0,2.55,2.6,3.275,2,0
21,0.39,-5.0,0.0,-1.0,-136.0,-0.15999999999999992,0.0,0.0,-3.0,0.0,-4.0,-1.0,0.0,-3.0,-2.0,-0.36,-0.04,0.24,-142.0,-67.0,-69.0,-17.0,-0.22999999999999998,-2.0,-0.18,-8.0,-1.0,0.0,-2.0,0.29000000000000004,8.0,1.0,10.0,4.0,-3.0,-1.0,-0.040000000000000036,-2.0,-0.25,3.0,-0.17000000000000004,0.0,-36.0,2.8,5.775,1.7823529411764705,2,2
22,0.33999999999999997,4.0,1.0,1.0,-16.0,-0.04999999999999993,0.0,0.0,4.0,0.0,1.0,3.0,1.0,2.0,2.0,0.09,0.25,-0.4,-6.0,50.0,-66.0,7.0,0.07999999999999996,3.0,0.27,3.0,0.0,0.0,5.0,0.13,-5.0,-3.0,-4.0,-1.0,1.0,4.0,0.12000000000000005,-3.0,-0.28,-3.0,-0.08999999999999997,0.0,0.0,3.9,4.333333333333334,1.6833333333333331,2,2
23,0.73,2.0,2.0,1.0,6.0,0.06000000000000005,3.0,2.0,5.0,0.0,2.0,0.0,0.0,2.0,0.0,0.89,-0.16,0.6900000000000001,-8.0,-31.0,37.0,8.0,0.31000000000000005,1.0,-0.87,6.0,-2.0,0.0,-4.0,-0.4,0.0,-1.0,-11.0,-2.0,-9.0,-11.0,-0.32,2.0,0.13999999999999996,0.0,-0.6,0.0,2.0,2.5,2.75,3.075,2,0
24,-0.35,3.0,-1.0,-1.0,-120.0,-0.12,-3.0,1.0,1.0,2.0,0.0,1.0,0.0,-2.0,5.0,-0.45,0.09,-0.19000000000000006,-121.0,-107.0,-13.0,2.0,0.0,-1.0,-0.17,0.0,1.0,0.0,1.0,-0.07999999999999996,-1.0,-1.0,-3.0,-1.0,5.0,8.0,0.28,-3.0,-0.28,2.0,0.67,0.0,-26.0,2.45,2.9,3.0,0,0
25,-0.3,-8.0,0.0,0.0,-58.0,-0.08999999999999997,4.0,0.0,-2.0,-5.0,-4.0,1.0,0.0,-4.0,-4.0,-0.21,-0.09000000000000001,-0.2899999999999999,-60.0,-25.0,-33.0,4.0,0.06,-3.0,-0.36,-2.0,0.0,0.0,1.0,0.07999999999999996,0.0,-1.0,1.0,4.0,-6.0,-3.0,-0.15999999999999998,-3.0,-0.28,0.0,0.0,0.0,-12.0,2.6125,2.8605769230769234,2.875,2,0
26,0.03,-1.0,2.0,1.0,-202.0,-0.18000000000000005,-1.0,0.0,-1.0,0.0,3.0,-4.0,0.0,1.0,-2.0,0.09,-0.06,1.21,-202.0,-50.0,-152.0,-9.0,-0.41,-3.0,-0.10999999999999999,-1.0,0.0,0.0,3.0,0.25000000000000006,-3.0,4.0,10.0,-2.0,-3.0,-5.0,-0.12000000000000005,2.0,0.12000000000000005,-7.0,-0.15999999999999998,1.0,-40.0,3.4,1.6666666666666665,5.5,0,1
27,0.13,4.0,0.0,0.0,92.0,0.04999999999999993,-2.0,0.0,2.0,1.0,0.0,3.0,0.0,2.0,2.0,0.10999999999999999,0.02,-0.39,97.0,-33.0,125.0,5.0,0.06,-1.0,-0.42,5.0,0.0,0.0,2.0,0.0,-6.0,-3.0,-12.0,-1.0,4.0,5.0,0.21999999999999997,-1.0,-0.06000000000000005,-1.0,-0.23,-1.0,18.0,5.75,17.0,1.2,2,2
28,-0.24,1.0,-1.0,-1.0,-33.0,0.0,-5.0,3.0,-3.0,2.0,-2.0,1.0,0.0,0.0,1.0,-0.16999999999999998,-0.07,-0.14,-38.0,-4.0,-29.0,6.0,0.04999999999999993,-1.0,-0.2,1.0,-1.0,0.0,1.0,-0.19999999999999996,-5.0,-1.0,1.0,2.0,3.0,6.0,0.18,-3.0,-0.34,-2.0,0.0,0.0,-10.0,2.25,6.75,2.1,0,2
29,-1.0099999999999998,-3.0,-3.0,-1.0,-23.0,-0.10999999999999999,2.0,-2.0,-4.0,-1.0,-2.0,0.0,0.0,-2.0,-1.0,-0.69,-0.31,-1.05,-1.0,2.0,-25.0,11.0,0.12,-2.0,-0.18,-6.0,1.0,0.0,1.0,0.0,-7.0,1.0,7.0,0.0,4.0,1.0,0.020000000000000018,3.0,0.19999999999999996,1.0,-0.15999999999999992,-1.0,-2.0,4.2,8.0,1.4,2,2
30,-0.53,-6.0,0.0,0.0,167.0,0.040000000000000036,-3.0,0.0,-2.0,-4.0,0.0,-2.0,0.0,-5.0,-1.0,-0.3,-0.24,0.09000000000000001,175.0,32.0,135.0,16.0,0.18000000000000005,-1.0,-0.17,-5.0,0.0,0.0,0.0,0.0,-4.0,2.0,1.0,-1.0,0.0,-1.0,-0.040000000000000036,1.0,0.34,-3.0,,0.0,26.0,2.7,2.0,4.6,2,1
31,0.01999999999999999,1.0,0.0,0.0,7.0,0.05999999999999994,3.0,2.0,0.0,3.0,-1.0,-1.0,0.0,-2.0,3.0,0.07,-0.05,-0.13,-5.0,-16.0,23.0,1.0,0.04999999999999999,0.0,0.07,-4.0,-2.0,0.0,0.0,0.10000000000000009,-2.0,1.0,3.0,1.0,-1.0,-2.0,-0.040000000000000036,1.0,0.08000000000000002,1.0,0.0,0.0,-2.0,2.5,4.55,2.15,2,2
32,-0.45999999999999985,-4.0,0.0,-1.0,-40.0,-0.010000000000000009,7.0,-1.0,4.0,-2.0,0.0,-2.0,0.0,-6.0,2.0,-0.43000000000000005,-0.03,0.7999999999999999,-46.0,-52.0,12.0,-5.0,-0.17000000000000004,1.0,-0.13,4.0,0.0,0.0,-9.0,-0.34,1.0,2.0,-9.0,2.0,-24.0,-18.0,-0.44999999999999996,-6.0,-0.6000000000000001,1.0,-0.2,2.0,-8.0,10.0,1.0833333333333333,29.0,1,1
33,0.12,2.0,1.0,1.0,79.0,0.10999999999999999,-1.0,0.0,4.0,0.0,1.0,1.0,0.0,2.0,0.0,-0.07,0.18000000000000002,0.74,66.0,59.0,20.0,-2.0,0.05999999999999994,2.0,-0.64,-3.0,-1.0,0.0,-5.0,-0.019999999999999907,5.0,-1.0,-2.0,0.0,-1.0,-4.0,-0.12000000000000005,3.0,0.42,2.0,0.03999999999999998,1.0,16.0,4.25,1.3,10.625,1,1
34,-1.01,-4.0,-3.0,-1.0,102.0,0.029999999999999916,1.0,0.0,1.0,0.0,-4.0,0.0,1.0,0.0,-4.0,-1.0899999999999999,0.07999999999999999,-1.77,114.0,22.0,80.0,5.0,0.19000000000000006,2.0,0.35,-2.0,1.0,0.0,3.0,-0.17000000000000004,-2.0,1.0,-1.0,2.0,11.0,4.0,0.11000000000000004,7.0,0.43999999999999995,0.0,-0.26,-2.0,22.0,11.0,34.0,1.0625,2,2
35,-1.6099999999999999,-4.0,-5.0,-2.0,39.0,0.039999999999999925,1.0,-1.0,-1.0,1.0,-6.0,1.0,0.0,-4.0,0.0,-0.88,0.05000000000000002,-3.9,37.0,33.0,6.0,-3.0,0.08999999999999997,0.0,-0.28,2.0,1.0,0.0,1.0,0.17000000000000004,-3.0,-1.0,-7.0,2.0,1.0,0.0,0.0,1.0,0.12000000000000005,1.0,0.25,-4.0,10.0,176.0,301.0,1.025,2,2
36,1.1,10.0,3.0,1.0,142.0,0.17000000000000004,2.0,-2.0,7.0,4.0,4.0,2.0,2.0,8.0,2.0,1.1099999999999999,-0.020000000000000004,2.63,135.0,-13.0,155.0,12.0,0.44999999999999996,2.0,-0.37,-3.0,-1.0,0.0,2.0,0.2,-2.0,-2.0,-15.0,-2.0,3.0,0.0,0.0,3.0,0.19999999999999996,1.0,0.06000000000000005,2.0,32.0,67.0,1.0036666666666667,251.0,1,1
37,-0.26,-1.0,-1.0,-1.0,25.0,-0.030000000000000027,-2.0,-1.0,0.0,-1.0,2.0,-2.0,0.0,0.0,-1.0,-0.2,-0.06,0.05,37.0,8.0,17.0,4.0,-0.06,1.0,0.14,-5.0,-1.0,0.0,0.0,-0.13999999999999996,-3.0,3.0,-2.0,-2.0,0.0,4.0,0.10000000000000003,-4.0,-0.39999999999999997,-1.0,0.13,0.0,8.0,2.4,3.6,2.625,0,0
38,0.12999999999999998,-1.0,0.0,0.0,-83.0,-0.07000000000000006,1.0,1.0,-2.0,-3.0,1.0,1.0,0.0,2.0,-3.0,0.12999999999999998,,0.58,-91.0,-86.0,3.0,3.0,0.17000000000000004,-2.0,-0.23,-7.0,0.0,0.0,3.0,-0.09999999999999998,0.0,-1.0,-3.0,-1.0,9.0,8.0,0.26,1.0,0.08000000000000002,1.0,0.17000000000000004,0.0,-26.0,2.45,2.6,3.6,0,0
39,0.49,3.0,1.0,1.0,163.0,0.10999999999999999,-1.0,1.0,0.0,3.0,-2.0,2.0,2.0,3.0,0.0,0.56,-0.07,-0.44,156.0,135.0,28.0,2.0,0.27,2.0,0.32999999999999996,1.0,0.0,0.0,-1.0,0.28,-6.0,-2.0,0.0,1.0,-5.0,-5.0,-0.12000000000000005,0.0,0.0,2.0,-0.16999999999999998,-1.0,30.0,3.2,2.25,3.25,0,1
40,0.07,-3.0,0.0,0.0,13.0,-0.010000000000000009,-1.0,1.0,0.0,0.0,0.0,-3.0,0.0,1.0,-4.0,0.07,0.0,0.3,19.0,49.0,-36.0,3.0,-0.06999999999999995,1.0,0.23,8.0,1.0,0.0,-3.0,0.029999999999999916,-7.0,3.0,4.0,-1.0,-5.0,-5.0,-0.12000000000000005,0.0,0.0,-1.0,-0.09,0.0,4.0,2.7,1.9,5.5,2,1
41,0.020000000000000018,1.0,1.0,1.0,-203.0,-0.17000000000000004,3.0,-1.0,-2.0,0.0,1.0,0.0,0.0,0.0,1.0,-0.24,0.25,0.030000000000000027,-197.0,-92.0,-111.0,-3.0,-0.16999999999999998,-1.0,0.030000000000000027,-2.0,0.0,0.0,2.0,-0.5,-1.0,0.0,8.0,-1.0,5.0,3.0,0.08000000000000002,2.0,0.34,-3.0,-0.25,0.0,-42.0,2.9,7.0,1.7,2,2
42,0.28,5.0,0.0,0.0,10.0,0.0,1.0,-5.0,2.0,3.0,1.0,1.0,0.0,5.0,0.0,0.22,0.85,0.21999999999999997,13.0,8.0,2.0,-1.0,0.050000000000000044,-2.0,-0.51,3.0,0.0,0.0,0.0,-0.4,-2.0,-2.0,-5.0,-1.0,-6.0,4.0,0.15999999999999998,-10.0,-0.8400000000000001,3.0,0.75,0.0,4.0,3.1,2.3,2.9,1,1
43,1.0,4.0,1.0,0.0,18.0,0.04999999999999993,-2.0,2.0,0.0,4.0,0.0,0.0,0.0,3.0,1.0,0.19,0.020000000000000004,0.76,13.0,17.0,1.0,-3.0,0.07000000000000006,-1.0,-0.17,5.0,1.0,0.0,5.0,0.19999999999999996,2.0,0.0,1.0,1.0,14.0,10.0,0.34,4.0,0.34,2.0,0.55,1.0,4.0,4.45,1.3,10.5,1,1
44,-1.1700000000000002,0.0,-2.0,0.0,59.0,0.04999999999999993,2.0,2.0,1.0,-1.0,1.0,0.0,0.0,1.0,-1.0,-0.47000000000000003,0.1,-1.3800000000000001,59.0,36.0,23.0,-2.0,0.09000000000000002,1.0,0.07999999999999999,7.0,2.0,0.0,2.0,-0.13,-6.0,1.0,-1.0,-3.0,5.0,6.0,0.12000000000000005,-1.0,-0.10000000000000003,2.0,0.4,-2.0,12.0,9.25,26.0,1.0833333333333333,2,2
45,-1.0299999999999998,-2.0,-3.0,-2.0,-133.0,-0.14,6.0,0.0,-2.0,-2.0,-2.0,2.0,0.0,-2.0,0.0,-0.24000000000000002,,-1.64,-128.0,-23.0,-110.0,0.0,0.0,-3.0,-0.27,3.0,0.0,0.0,0.0,-0.19999999999999996,4.0,-2.0,-2.0,2.0,-6.0,-10.0,-0.26,4.0,0.24,-8.0,-0.5199999999999999,-1.0,-30.0,6.0,21.0,1.1818181818181819,2,2
46,-0.39999999999999997,-1.0,-1.0,-1.0,36.0,0.039999999999999925,3.0,1.0,3.0,-1.0,-1.0,1.0,-1.0,-1.0,0.0,-0.48999999999999994,0.1,-0.35,31.0,13.0,23.0,9.0,0.25999999999999995,1.0,-0.06,5.0,0.0,0.0,0.0,-0.25,0.0,-1.0,-3.0,0.0,1.0,-4.0,-0.12000000000000005,5.0,0.42,-1.0,-0.16,-1.0,6.0,3.4,7.0,1.5916666666666668,2,2
47,-0.35000000000000003,2.0,-2.0,-2.0,147.0,0.15000000000000002,-5.0,-3.0,1.0,0.0,-2.0,4.0,0.0,1.0,1.0,0.020000000000000018,-0.38,-0.5700000000000001,147.0,59.0,88.0,23.0,0.36,1.0,-0.14,0.0,0.0,0.0,-2.0,0.7,5.0,-4.0,-9.0,2.0,-2.0,-3.0,-0.10000000000000003,1.0,0.12,2.0,0.0,0.0,36.0,2.4,3.9,2.5,2,0
48,-0.2600000000000001,2.0,-1.0,0.0,-48.0,-0.029999999999999916,-2.0,4.0,1.0,-1.0,1.0,2.0,0.0,1.0,1.0,0.2,0.33,-0.94,-49.0,-72.0,24.0,-13.0,-0.27,0.0,-0.14999999999999997,4.0,0.0,0.0,9.0,0.35,9.0,-2.0,-4.0,-1.0,16.0,13.0,0.37999999999999995,3.0,0.28,2.0,0.47000000000000003,0.0,-10.0,2.6,2.25,4.0,0,1
49,0.6799999999999999,-2.0,1.0,1.0,-95.0,-0.10999999999999999,1.0,0.0,1.0,-1.0,1.0,-2.0,0.0,0.0,-2.0,-0.11000000000000001,,1.17,-98.0,-71.0,-24.0,5.0,0.12,0.0,-0.07,0.0,-2.0,0.0,-1.0,-0.13,-1.0,2.0,2.0,-1.0,-4.0,-5.0,-0.13999999999999996,1.0,0.13999999999999996,-3.0,-0.09000000000000008,0.0,-24.0,2.8,5.0,1.9090909090909092,0,2
50,-0.019999999999999962,5.0,0.0,0.0,38.0,0.030000000000000027,2.0,1.0,-3.0,1.0,2.0,2.0,0.0,3.0,2.0,0.31,-0.32,0.09,35.0,4.0,34.0,4.0,0.12,1.0,0.32,-1.0,0.0,0.0,1.0,-0.21000000000000008,-2.0,-2.0,17.0,-2.0,6.0,4.0,0.10000000000000003,2.0,0.19999999999999996,1.0,0.22999999999999998,0.0,6.0,2.375,2.55,3.8,0,0
51,-0.06,1.0,0.0,0.0,-55.0,-0.05999999999999994,1.0,-1.0,1.0,0.0,1.0,0.0,0.0,0.0,1.0,-0.14,0.08,0.09,-52.0,-5.0,-50.0,-8.0,-0.04999999999999999,0.0,0.07999999999999999,-3.0,0.0,0.0,5.0,0.5,-2.0,0.0,1.0,-1.0,6.0,3.0,0.08000000000000002,3.0,0.34,4.0,0.42,0.0,-12.0,2.2,3.8,2.8,1,0
52,0.19000000000000006,2.0,0.0,0.0,-128.0,-0.19000000000000006,7.0,-2.0,2.0,-1.0,1.0,2.0,0.0,-3.0,5.0,0.09999999999999998,0.09,0.17000000000000015,-126.0,-76.0,-52.0,-3.0,-0.29999999999999993,-1.0,-0.25,-2.0,0.0,0.0,4.0,0.19999999999999996,0.0,-2.0,-4.0,0.0,3.0,-1.0,-0.050000000000000044,4.0,0.20999999999999996,2.0,0.16999999999999998,1.0,-30.0,3.0,2.2,3.6,1,1
53,0.99,6.0,0.0,-1.0,31.0,0.05999999999999994,-1.0,-1.0,0.0,4.0,1.0,1.0,0.0,4.0,2.0,1.07,-0.08,1.75,23.0,33.0,-2.0,12.0,0.32999999999999996,1.0,0.09999999999999998,-2.0,0.0,0.0,-5.0,-0.20999999999999996,1.0,-1.0,5.0,1.0,4.0,-1.0,-0.040000000000000036,5.0,0.37999999999999995,2.0,-0.23000000000000004,2.0,6.0,34.0,1.01,126.0,1,1
54,0.58,1.0,1.0,0.0,-90.0,-0.040000000000000036,3.0,1.0,-1.0,0.0,3.0,-2.0,0.0,1.0,0.0,0.64,-0.06,0.86,-89.0,-36.0,-54.0,7.0,-0.07000000000000006,-3.0,-0.33,-2.0,-2.0,0.0,-1.0,-0.26999999999999996,0.0,2.0,3.0,-1.0,-1.0,-2.0,-0.050000000000000044,1.0,0.19999999999999996,0.0,0.16999999999999998,2.0,-18.0,21.0,1.0225,67.0,1,1
55,-0.29,-1.0,-1.0,-1.0,-138.0,-0.15000000000000002,5.0,0.0,-2.0,0.0,-1.0,0.0,0.0,2.0,-3.0,-0.09000000000000002,-0.19,-0.05,-133.0,-73.0,-65.0,1.0,-0.019999999999999962,1.0,0.37000000000000005,6.0,0.0,0.0,0.0,-0.09999999999999998,-4.0,1.0,4.0,0.0,-8.0,-11.0,-0.28,3.0,0.42,-9.0,-0.56,0.0,-28.0,2.45,5.699999999999999,2.0,2,2
56,0.29,3.0,1.0,1.0,168.0,0.20999999999999996,-8.0,1.0,1.0,1.0,1.0,1.0,0.0,0.0,3.0,0.08,0.21000000000000002,0.6100000000000001,168.0,109.0,59.0,4.0,0.08999999999999997,0.0,-0.2,-3.0,-3.0,0.0,-1.0,0.25000000000000006,-1.0,-1.0,-3.0,-1.0,7.0,7.0,0.18,0.0,-0.030000000000000027,5.0,0.33,0.0,42.0,2.25,2.230769230769231,5.5,1,1
57,0.31,1.0,1.0,1.0,75.0,0.09999999999999998,-8.0,1.0,1.0,4.0,-1.0,-2.0,0.0,-1.0,2.0,0.31999999999999995,-0.01,0.16,79.0,48.0,27.0,-8.0,-0.14999999999999997,-4.0,-0.36,3.0,-2.0,0.0,-2.0,0.04999999999999999,1.0,0.0,4.0,1.0,4.0,6.0,0.14999999999999997,-2.0,-0.06000000000000005,4.0,-0.19,0.0,20.0,2.25,3.0,3.3,2,0
58,0.36,1.0,0.0,-1.0,95.0,0.04999999999999993,-1.0,-2.0,-3.0,0.0,2.0,-1.0,0.0,-1.0,2.0,0.38,-0.03,2.12,101.0,30.0,65.0,-3.0,-0.010000000000000009,2.0,0.15999999999999998,4.0,0.0,0.0,1.0,-0.37,-3.0,1.0,1.0,1.0,16.0,7.0,0.34,9.0,0.36000000000000004,1.0,0.23,3.0,18.0,41.0,1.005,126.0,1,1
59,0.95,8.0,1.0,1.0,161.0,0.15000000000000002,3.0,0.0,0.0,2.0,3.0,3.0,0.0,8.0,0.0,0.8300000000000001,0.12,0.35,154.0,52.0,109.0,-1.0,0.12,4.0,0.24999999999999997,9.0,0.0,0.0,-2.0,-0.38,-2.0,-3.0,-3.0,-2.0,0.0,-5.0,-0.15999999999999998,5.0,0.26,-4.0,-0.4,1.0,32.0,6.0,1.1666666666666667,23.0,1,1
60,0.04000000000000001,1.0,0.0,0.0,-137.0,-0.31000000000000005,1.0,-3.0,0.0,0.0,1.0,0.0,0.0,0.0,1.0,-0.04000000000000001,0.08,0.010000000000000009,-114.0,-100.0,-37.0,-9.0,-0.29,-3.0,-0.43,-5.0,1.0,0.0,8.0,0.35,7.0,0.0,-2.0,-1.0,6.0,2.0,0.06000000000000005,4.0,0.15999999999999998,-4.0,-0.44,0.0,-28.0,2.25,4.75,2.35,0,0
61,-0.18,-2.0,-1.0,0.0,186.0,0.15999999999999992,1.0,0.0,3.0,1.0,-1.0,-2.0,0.0,0.0,-2.0,-0.11,-0.07,-0.38,192.0,71.0,115.0,5.0,0.27,1.0,,6.0,0.0,0.0,-6.0,-0.08999999999999997,-5.0,2.0,-7.0,0.0,2.0,-2.0,-0.06000000000000005,4.0,0.28,5.0,0.35000000000000003,-1.0,40.0,3.2,5.5,1.7272727272727273,0,2
62,0.09999999999999998,4.0,1.0,1.0,-19.0,-0.040000000000000036,2.0,0.0,-3.0,2.0,2.0,0.0,0.0,3.0,1.0,0.010000000000000009,0.09000000000000001,0.52,-15.0,-21.0,2.0,1.0,0.09000000000000002,2.0,0.25,2.0,-1.0,0.0,2.0,0.51,-1.0,0.0,0.0,-2.0,7.0,8.0,0.21999999999999997,-1.0,-0.07,12.0,0.47,0.0,-6.0,2.3,2.6,3.8,1,0
63,1.48,9.0,2.0,1.0,149.0,0.13,-2.0,1.0,2.0,3.0,1.0,5.0,1.0,6.0,3.0,0.76,-0.07,0.8,156.0,53.0,96.0,3.0,0.28,4.0,0.4,6.0,-2.0,0.0,3.0,0.19,1.0,-5.0,-2.0,0.0,9.0,8.0,0.26,1.0,0.13999999999999996,2.0,0.47000000000000003,1.0,40.0,17.5,1.025,61.0,1,1
64,0.37,8.0,0.0,0.0,17.0,0.0,-9.0,-1.0,3.0,2.0,3.0,3.0,0.0,2.0,6.0,0.25,0.12,0.48,24.0,-5.0,22.0,8.0,0.15000000000000002,5.0,0.3,4.0,-2.0,0.0,-1.0,0.09999999999999998,3.0,-3.0,-14.0,-2.0,9.0,7.0,0.24,2.0,0.10000000000000003,2.0,0.67,1.0,8.0,3.9,1.4166666666666667,9.0,0,1
65,-0.7,-3.0,-3.0,-2.0,-68.0,-0.020000000000000018,2.0,-1.0,-3.0,1.0,-3.0,-1.0,-1.0,-3.0,0.0,-0.7,0.01,-1.0799999999999998,-72.0,-35.0,-33.0,2.0,-0.030000000000000027,1.0,0.11000000000000001,1.0,0.0,0.0,-2.0,-0.09999999999999998,3.0,1.0,5.0,2.0,-5.0,-5.0,-0.26,0.0,0.0,0.0,0.32999999999999996,-1.0,-14.0,4.8,15.0,1.25,0,2
66,0.5800000000000001,-2.0,1.0,0.0,-200.0,-0.14,1.0,2.0,-1.0,0.0,0.0,-2.0,0.0,0.0,-2.0,0.97,-0.39,0.48,-209.0,-112.0,-88.0,-13.0,-0.26,-1.0,0.020000000000000018,-5.0,0.0,0.0,5.0,0.39,3.0,2.0,-4.0,1.0,-3.0,0.0,0.0,-3.0,-0.29999999999999993,-2.0,-0.030000000000000027,1.0,-44.0,4.3,1.3636363636363638,10.0,1,1
67,2.02,9.0,6.0,4.0,199.0,0.22999999999999998,-5.0,1.0,5.0,3.0,5.0,1.0,1.0,9.0,0.0,0.9500000000000001,0.28,3.55,194.0,113.0,86.0,15.0,0.45,5.0,,3.0,-1.0,0.0,-3.0,-0.25,-2.0,-1.0,-10.0,-3.0,8.0,6.0,0.21999999999999997,2.0,0.19999999999999996,3.0,0.12000000000000005,2.0,44.0,56.0,1.005,151.0,1,1
68,-0.9200000000000002,-5.0,-3.0,-1.0,-65.0,-0.08000000000000007,-1.0,-2.0,4.0,-1.0,-2.0,-2.0,0.0,-3.0,-2.0,-1.02,0.09999999999999999,-0.9,-64.0,-14.0,-51.0,-3.0,-0.13999999999999996,-2.0,-0.4,-14.0,0.0,0.0,1.0,0.0,1.0,2.0,-1.0,0.0,0.0,2.0,0.06000000000000005,-2.0,-0.15999999999999998,-3.0,-0.23000000000000004,-2.0,-14.0,14.0,51.0,1.04,2,2
69,1.6600000000000001,10.0,4.0,3.0,193.0,0.10999999999999999,1.0,0.0,3.0,0.0,5.0,5.0,0.0,5.0,5.0,1.48,0.18,1.28,204.0,33.0,160.0,-1.0,0.15000000000000002,0.0,-0.18000000000000002,11.0,0.0,0.0,6.0,0.15999999999999992,-12.0,-5.0,-20.0,-3.0,-1.0,6.0,0.14999999999999997,-7.0,-0.6399999999999999,1.0,0.13,1.0,40.0,8.5,1.1,29.0,1,1
70,-1.1400000000000001,-6.0,0.0,0.0,79.0,0.05999999999999994,1.0,0.0,0.0,-2.0,-3.0,-1.0,0.0,-4.0,-2.0,-0.42000000000000004,0.06999999999999999,-1.4100000000000001,82.0,76.0,3.0,0.0,-0.029999999999999916,-3.0,-0.18999999999999997,1.0,0.0,1.0,-4.0,-0.18000000000000005,0.0,1.0,3.0,2.0,-11.0,-11.0,-0.26,0.0,0.0,-6.0,-0.21999999999999997,-1.0,16.0,3.5,5.8,1.63,2,2
71,-0.26,-5.0,1.0,0.0,-32.0,-0.07999999999999996,-2.0,0.0,-5.0,-3.0,1.0,-3.0,0.0,-4.0,-1.0,0.07999999999999999,-0.34,-0.52,-24.0,24.0,-56.0,1.0,-0.13999999999999996,-2.0,0.37000000000000005,-1.0,1.0,0.0,2.0,0.13,3.0,3.0,6.0,0.0,-5.0,1.0,0.010000000000000009,-6.0,-0.28,0.0,0.04999999999999999,1.0,-10.0,2.6,3.0,3.4,1,0
72,0.06,1.0,0.0,0.0,33.0,0.0,-1.0,-1.0,-2.0,1.0,1.0,-1.0,0.0,0.0,1.0,-0.18000000000000002,0.24000000000000002,0.15000000000000002,39.0,8.0,25.0,-6.0,-0.03999999999999998,1.0,0.07,5.0,-1.0,0.0,-2.0,-0.07999999999999996,-6.0,-1.0,-1.0,0.0,1.0,5.0,0.09000000000000008,-4.0,-0.15999999999999998,7.0,0.42000000000000004,1.0,8.0,4.45,1.3157894736842106,11.0,0,1
73,-0.35,-5.0,0.0,0.0,-108.0,-0.12,0.0,-2.0,-2.0,-2.0,-2.0,-1.0,-1.0,-2.0,-3.0,-0.039999999999999994,-0.3,-0.06,-98.0,-2.0,-106.0,-14.0,-0.3,-2.0,-0.22,2.0,0.0,0.0,5.0,0.48999999999999994,-1.0,1.0,4.0,2.0,4.0,4.0,0.10000000000000003,0.0,0.0,3.0,0.24,0.0,-22.0,2.375,4.2,2.45,0,0
74,1.8399999999999999,13.0,2.0,1.0,150.0,0.13,-5.0,1.0,7.0,2.0,6.0,5.0,0.0,10.0,3.0,1.44,0.4,1.29,147.0,74.0,76.0,9.0,0.36,1.0,-0.2,6.0,0.0,0.0,-1.0,0.22000000000000003,0.0,-6.0,-15.0,-4.0,11.0,6.0,0.14999999999999997,5.0,0.45999999999999996,6.0,0.17000000000000004,1.0,34.0,7.0,1.1428571428571428,23.0,1,1
75,1.32,8.0,3.0,0.0,279.0,0.21000000000000008,0.0,1.0,5.0,3.0,4.0,1.0,1.0,6.0,2.0,0.7,0.62,2.34,280.0,95.0,184.0,15.0,0.43999999999999995,1.0,-0.29000000000000004,4.0,0.0,0.0,0.0,0.62,-5.0,-1.0,-13.0,-1.0,1.0,-4.0,-0.15999999999999998,5.0,0.3,2.0,-0.23000000000000004,3.0,54.0,251.0,1.0001,501.0,1,1
76,0.6800000000000002,-2.0,2.0,0.0,118.0,0.06999999999999995,1.0,0.0,-2.0,-2.0,1.0,-1.0,0.0,-2.0,0.0,-0.06,-0.06,1.6,121.0,98.0,20.0,1.0,-0.050000000000000044,-1.0,-0.17,-4.0,0.0,-1.0,8.0,0.050000000000000044,-5.0,1.0,-2.0,1.0,4.0,0.0,,-3.0,-1.0,-4.0,-0.13,3.0,24.0,3.5,1.9333333333333331,3.6,1,1
77,0.20999999999999996,1.0,0.0,0.0,-121.0,-0.020000000000000018,-1.0,1.0,3.0,3.0,0.0,-2.0,1.0,0.0,1.0,0.20999999999999996,,0.04000000000000001,-126.0,-141.0,20.0,-4.0,0.030000000000000027,1.0,-0.05000000000000002,1.0,-2.0,0.0,0.0,0.17000000000000004,1.0,2.0,0.0,0.0,1.0,-1.0,-0.06000000000000005,2.0,0.25,-3.0,-0.75,-1.0,-20.0,4.25,10.0,1.3636363636363638,0,2
78,0.3,3.0,1.0,1.0,56.0,0.039999999999999925,-3.0,-1.0,0.0,2.0,1.0,0.0,0.0,2.0,1.0,0.1,0.2,0.41,55.0,65.0,-9.0,24.0,0.15000000000000002,2.0,0.5,-2.0,-1.0,0.0,-2.0,-0.040000000000000036,1.0,1.0,6.0,0.0,-1.0,0.0,0.0,-1.0,-0.10000000000000003,1.0,0.16999999999999998,1.0,10.0,8.5,1.1,34.0,1,1
79,-0.18000000000000005,-1.0,0.0,-1.0,192.0,0.07999999999999996,-5.0,-1.0,-1.0,-2.0,0.0,1.0,0.0,2.0,-3.0,0.6,0.010000000000000009,-0.55,202.0,140.0,52.0,8.0,0.13000000000000006,-1.0,-0.11,2.0,-1.0,0.0,-2.0,0.08999999999999997,-2.0,0.0,6.0,0.0,0.0,-2.0,-0.040000000000000036,2.0,0.15999999999999998,-2.0,-0.030000000000000027,0.0,36.0,3.1,1.65,7.0,0,1
80,-0.04999999999999999,2.0,-2.0,-2.0,4.0,-0.029999999999999916,5.0,-1.0,-1.0,-2.0,3.0,1.0,1.0,-1.0,3.0,0.24,-0.3,1.09,14.0,-56.0,60.0,13.0,0.13,-2.0,-0.25,8.0,0.0,0.0,3.0,0.22999999999999998,-1.0,-1.0,-11.0,-2.0,-7.0,-4.0,-0.15999999999999998,-3.0,-0.24,-2.0,-0.16999999999999993,1.0,2.0,4.75,1.2857142857142856,13.0,1,1
81,-0.54,-4.0,0.0,0.0,26.0,0.06000000000000005,1.0,0.0,1.0,-3.0,1.0,-2.0,0.0,-2.0,-2.0,-0.06,-0.48000000000000004,-0.04999999999999999,18.0,8.0,18.0,-6.0,-0.06,-3.0,-0.31000000000000005,-3.0,0.0,0.0,-2.0,-0.13,-6.0,2.0,-1.0,-1.0,-8.0,-5.0,-0.18,-3.0,-0.18,-1.0,-0.23,0.0,4.0,2.4,2.875,3.3,2,0
82,0.8200000000000001,6.0,-1.0,0.0,-49.0,-0.08000000000000007,6.0,0.0,5.0,4.0,-1.0,3.0,0.0,6.0,0.0,0.25,0.57,-0.27999999999999997,-44.0,-23.0,-26.0,5.0,0.08999999999999997,2.0,-0.09999999999999998,10.0,0.0,0.0,-7.0,-0.22999999999999998,1.0,-4.0,-7.0,0.0,-6.0,-13.0,-0.56,7.0,0.42,0.0,-0.3,-1.0,-8.0,3.3,6.0,1.6666666666666665,0,2
83,0.36000000000000004,5.0,0.0,0.0,40.0,0.14,0.0,-1.0,2.0,6.0,-1.0,0.0,0.0,5.0,0.0,0.36,-0.009999999999999995,-0.01999999999999999,26.0,5.0,35.0,8.0,0.25,2.0,0.09999999999999998,-5.0,-1.0,0.0,1.0,0.17000000000000004,2.0,0.0,7.0,1.0,2.0,2.0,0.10000000000000003,0.0,0.0,1.0,0.16999999999999998,0.0,8.0,2.5,2.2,4.6,1,1
84,-0.16000000000000003,1.0,0.0,1.0,195.0,0.17000000000000004,3.0,1.0,8.0,0.0,-2.0,3.0,0.0,2.0,-1.0,-0.11000000000000004,-0.05,-0.9,200.0,101.0,94.0,8.0,0.04999999999999999,1.0,-0.09000000000000001,6.0,0.0,0.0,-4.0,0.55,-4.0,-3.0,-20.0,1.0,-19.0,-9.0,-0.36000000000000004,-10.0,-0.8400000000000001,3.0,-0.29000000000000004,-1.0,44.0,3.1,2.3,3.25,1,1
85,1.26,5.0,2.0,0.0,171.0,0.09000000000000008,2.0,-2.0,1.0,4.0,2.0,-1.0,0.0,4.0,1.0,1.26,,1.44,167.0,75.0,96.0,-1.0,0.04999999999999999,1.0,-0.04999999999999999,7.0,0.0,0.0,1.0,-0.07000000000000006,-5.0,1.0,-4.0,-1.0,2.0,3.0,0.13999999999999996,-1.0,-0.34,3.0,0.6699999999999999,1.0,32.0,5.5,1.2222222222222223,16.0,1,1
86,-1.46,1.0,-2.0,0.0,146.0,0.10000000000000009,-3.0,1.0,-1.0,2.0,-1.0,0.0,0.0,1.0,0.0,0.08,0.03,-1.8,143.0,31.0,115.0,-1.0,0.09999999999999998,-2.0,-0.33,-4.0,-1.0,0.0,1.0,0.43000000000000005,-5.0,0.0,-1.0,0.0,-3.0,1.0,0.020000000000000018,-4.0,-0.34,-1.0,-0.42000000000000004,-1.0,32.0,3.25,6.0,1.6666666666666665,2,2
87,1.74,14.0,2.0,2.0,122.0,0.09999999999999998,0.0,0.0,2.0,8.0,3.0,3.0,2.0,10.0,4.0,1.66,0.08,0.39,127.0,-2.0,124.0,0.0,0.25999999999999995,5.0,0.5,8.0,0.0,0.0,3.0,0.010000000000000009,-10.0,-3.0,-5.0,-3.0,12.0,9.0,0.19999999999999996,3.0,0.15999999999999998,5.0,0.29000000000000004,0.0,26.0,3.4,1.475,10.0,1,1
88,0.43999999999999995,9.0,1.0,1.0,214.0,0.15000000000000002,3.0,-1.0,3.0,2.0,5.0,2.0,0.0,6.0,3.0,0.28,0.16,1.34,211.0,81.0,133.0,-2.0,0.28,1.0,0.0,11.0,0.0,0.0,-9.0,-0.17000000000000004,-7.0,-2.0,-6.0,-5.0,-7.0,-8.0,-0.25,1.0,0.12000000000000005,7.0,0.37,0.0,38.0,2.875,1.7,7.5,1,1
89,-1.01,-4.0,-2.0,-1.0,-239.0,-0.15000000000000002,1.0,1.0,-5.0,0.0,-3.0,-1.0,0.0,-5.0,1.0,-0.9199999999999999,-0.09,-1.71,-244.0,-94.0,-145.0,-1.0,-0.35,-1.0,0.25,-10.0,0.0,0.0,7.0,-0.45999999999999996,1.0,1.0,13.0,1.0,12.0,15.0,0.34,-3.0,-0.6000000000000001,-1.0,0.19,-1.0,-50.0,9.5,29.0,1.0833333333333333,2,2
90,-0.55,-3.0,-1.0,0.0,-75.0,-0.10999999999999999,-3.0,0.0,2.0,0.0,-2.0,-1.0,0.0,0.0,-3.0,-0.63,0.07999999999999999,-0.74,-69.0,-82.0,7.0,7.0,0.07999999999999996,6.0,0.4,2.0,-1.0,0.0,4.0,0.67,-1.0,3.0,-5.0,1.0,8.0,6.0,0.18,2.0,0.08000000000000007,4.0,0.09999999999999998,-1.0,-14.0,3.7,7.0,1.5,2,2
91,0.76,4.0,3.0,2.0,42.0,0.020000000000000018,-2.0,-2.0,0.0,2.0,2.0,0.0,0.0,4.0,0.0,0.69,0.08000000000000002,1.8399999999999999,49.0,9.0,33.0,2.0,0.020000000000000018,0.0,-0.08000000000000002,-10.0,0.0,0.0,-1.0,0.25,-4.0,0.0,-3.0,0.0,-3.0,2.0,0.08000000000000002,-5.0,-0.26,4.0,0.6699999999999999,2.0,12.0,35.0,1.01,101.0,1,1
92,0.79,-3.0,0.0,0.0,-60.0,-0.039999999999999925,-2.0,1.0,-5.0,-1.0,0.0,-2.0,0.0,1.0,-4.0,0.0,,0.62,-63.0,-11.0,-49.0,-14.0,-0.26,-4.0,0.16999999999999998,-1.0,0.0,0.0,-1.0,-0.050000000000000044,5.0,2.0,6.0,0.0,0.0,-2.0,-0.08000000000000002,2.0,0.34,-3.0,0.0,0.0,-18.0,2.6,2.25,4.0,1,1
93,0.32,5.0,0.0,0.0,59.0,0.07999999999999996,-1.0,0.0,2.0,1.0,1.0,3.0,0.0,5.0,0.0,0.07999999999999999,0.24,-0.13,47.0,-35.0,94.0,4.0,0.20999999999999996,2.0,0.07,3.0,1.0,0.0,2.0,0.32999999999999996,1.0,-3.0,-2.0,-1.0,3.0,4.0,0.13999999999999996,-1.0,-0.12000000000000005,3.0,0.06000000000000005,0.0,10.0,2.7,1.8461538461538463,6.0,0,1
94,0.16999999999999998,0.0,0.0,0.0,-32.0,0.020000000000000018,1.0,-1.0,0.0,0.0,-3.0,3.0,0.0,1.0,-1.0,0.07,0.1,-0.25,-44.0,29.0,-61.0,-1.0,-0.050000000000000044,2.0,0.4,3.0,0.0,0.0,-5.0,-0.019999999999999907,7.0,-2.0,5.0,2.0,-13.0,-7.0,-0.19999999999999996,-6.0,-0.5,2.0,0.0,0.0,-8.0,2.3,2.7,3.6,2,0
95,1.74,4.0,3.0,2.0,-52.0,-0.06000000000000005,0.0,0.0,2.0,2.0,2.0,0.0,1.0,4.0,0.0,0.45999999999999996,0.5,1.21,-51.0,-4.0,-48.0,-6.0,-0.13999999999999996,2.0,0.24,0.0,0.0,0.0,-1.0,0.10999999999999999,-1.0,0.0,-5.0,-1.0,3.0,-3.0,-0.08000000000000002,6.0,0.19999999999999996,-1.0,-0.46,1.0,-10.0,4.5,1.3333333333333333,12.0,1,1
96,0.12,-5.0,1.0,1.0,-12.0,-0.020000000000000018,-1.0,0.0,-5.0,-3.0,0.0,-2.0,0.0,-4.0,-1.0,0.37,-0.25,0.39,-11.0,25.0,-37.0,-10.0,-0.33000000000000007,-4.0,-0.16,0.0,0.0,0.0,-1.0,-0.010000000000000009,2.0,2.0,-6.0,0.0,-3.0,-9.0,-0.26,6.0,0.37999999999999995,-7.0,-0.4,0.0,-4.0,2.375,2.625,3.6,0,0
97,-1.1099999999999999,-4.0,-1.0,0.0,-22.0,-0.020000000000000018,-1.0,-2.0,-2.0,-1.0,-1.0,-2.0,0.0,-4.0,0.0,-1.13,0.02,-0.9900000000000001,-21.0,19.0,-41.0,-6.0,-0.06,-1.0,-0.17,-3.0,-2.0,0.0,1.0,-0.10999999999999999,1.0,2.0,2.0,0.0,5.0,2.0,0.06000000000000005,3.0,0.15999999999999998,-2.0,-0.5,-1.0,-2.0,5.0,13.0,1.25,2,2
98,-0.31999999999999995,0.0,-1.0,-1.0,33.0,0.06000000000000005,-5.0,1.0,-2.0,1.0,0.0,-1.0,0.0,-2.0,2.0,-0.44999999999999996,0.13,0.07,29.0,32.0,1.0,4.0,0.12,-2.0,0.06,-8.0,1.0,0.0,-2.0,-0.09999999999999998,0.0,1.0,12.0,0.0,2.0,2.0,0.10000000000000003,0.0,0.0,1.0,-0.32999999999999996,0.0,6.0,2.3,2.5227272727272725,3.823076923076923,0,0
99,0.41000000000000003,0.0,1.0,0.0,-32.0,-0.050000000000000044,-3.0,1.0,-2.0,0.0,-2.0,2.0,0.0,-2.0,2.0,0.51,-0.1,0.6399999999999999,-30.0,-22.0,-10.0,11.0,0.09000000000000002,1.0,0.19,-7.0,1.0,0.0,-6.0,0.06000000000000005,5.0,-2.0,4.0,3.0,-10.0,-10.0,-0.29000000000000004,0.0,0.0,-2.0,-0.29000000000000004,1.0,-8.0,3.25,1.5714285714285714,7.0,0,1
100,0.52,-1.0,2.0,1.0,-21.0,0.0,-3.0,0.0,1.0,1.0,-2.0,0.0,0.0,-1.0,0.0,0.37000000000000005,0.13999999999999999,0.37000000000000005,-23.0,-34.0,13.0,13.0,0.31000000000000005,4.0,0.29,3.0,0.0,0.0,-4.0,-0.5,-2.0,0.0,-11.0,3.0,10.0,6.0,0.2,4.0,0.28,3.0,0.16999999999999998,1.0,-2.0,4.5,1.2857142857142856,12.0,1,1
101,-0.5199999999999999,-4.0,0.0,0.0,-41.0,-0.04999999999999993,3.0,2.0,1.0,-3.0,1.0,-2.0,0.0,-3.0,-1.0,-0.53,0.010000000000000002,1.21,-34.0,29.0,-70.0,5.0,-0.10000000000000003,0.0,0.03,-8.0,0.0,0.0,1.0,0.07000000000000006,1.0,3.0,6.0,-2.0,4.0,1.0,0.040000000000000036,3.0,0.15999999999999998,3.0,0.19,0.0,-8.0,2.7,3.6,2.35,2,2
102,0.39999999999999997,6.0,0.0,0.0,231.0,0.21999999999999997,1.0,0.0,8.0,2.0,0.0,4.0,1.0,6.0,0.0,0.18,0.22,-0.2,230.0,91.0,140.0,9.0,0.32000000000000006,6.0,0.26,2.0,-1.0,0.0,-2.0,-0.41,1.0,-4.0,-14.0,-1.0,14.0,5.0,0.13999999999999996,9.0,0.6000000000000001,3.0,0.16000000000000003,-1.0,46.0,3.2,1.9523809523809523,4.2,1,1
103,0.0,8.0,3.0,2.0,34.0,0.010000000000000009,0.0,-1.0,1.0,5.0,3.0,0.0,0.0,7.0,1.0,,,,38.0,-16.0,50.0,0.0,0.08000000000000007,3.0,0.16999999999999998,-5.0,-1.0,0.0,6.0,0.08000000000000007,-3.0,0.0,-3.0,-2.0,8.0,8.0,0.19999999999999996,0.0,0.0,0.0,0.2,1.0,10.0,5.5,1.25,13.0,1,1
104,0.24,-2.0,0.0,0.0,81.0,0.10999999999999999,-4.0,0.0,6.0,-2.0,2.0,-2.0,0.0,1.0,-3.0,0.24,,0.61,98.0,66.0,15.0,20.0,0.22999999999999998,3.0,-0.020000000000000018,11.0,-2.0,0.0,0.0,0.06,4.0,2.0,-5.0,-1.0,7.0,4.0,0.12000000000000005,3.0,0.10000000000000003,1.0,-0.10000000000000003,1.0,28.0,5.2,1.2222222222222223,13.0,1,1
105,-0.16,-4.0,0.0,0.0,100.0,0.07999999999999996,-7.0,3.0,-1.0,-3.0,1.0,-2.0,0.0,-4.0,0.0,0.010000000000000002,-0.17,0.02,101.0,77.0,23.0,13.0,0.22999999999999998,-4.0,-0.57,-8.0,-1.0,0.0,0.0,0.0,0.0,2.0,2.0,-1.0,2.0,9.0,0.19999999999999996,-7.0,-0.45999999999999996,3.0,0.10999999999999999,0.0,22.0,2.1,2.2,7.0,1,0
106,-0.91,8.0,-1.0,0.0,15.0,0.05999999999999994,1.0,-1.0,5.0,4.0,2.0,2.0,1.0,6.0,2.0,-0.030000000000000027,-0.07,-0.8,2.0,-17.0,32.0,6.0,0.16999999999999998,4.0,-0.07,-4.0,0.0,0.0,-9.0,-0.20000000000000007,0.0,-2.0,-8.0,-3.0,-14.0,-12.0,-0.36000000000000004,-2.0,-0.19999999999999996,-1.0,-0.27,-1.0,4.0,3.25,4.75,1.8333333333333335,0,2
107,-1.15,-9.0,0.0,2.0,-257.0,-0.16999999999999993,-2.0,0.0,-5.0,-1.0,-3.0,-5.0,-1.0,-6.0,-3.0,-0.53,-0.62,-1.76,-253.0,-119.0,-138.0,3.0,0.06000000000000005,-3.0,0.0,-2.0,0.0,0.0,2.0,-0.22999999999999998,4.0,5.0,8.0,1.0,14.0,12.0,0.28,2.0,0.5,1.0,0.22999999999999998,-2.0,-50.0,34.0,101.0,1.01,2,2
108,0.54,2.0,1.0,0.0,-30.0,0.010000000000000009,5.0,1.0,0.0,2.0,1.0,-1.0,2.0,2.0,0.0,0.15000000000000002,0.39,0.8600000000000001,-38.0,-9.0,-21.0,6.0,0.23000000000000004,1.0,0.10000000000000003,-1.0,0.0,0.0,-3.0,-0.020000000000000018,0.0,1.0,-1.0,1.0,-13.0,-13.0,-0.37999999999999995,0.0,0.0,-5.0,-0.69,3.0,-8.0,19.0,1.025,51.0,1,1
109,0.12,0.0,0.0,0.0,-109.0,-0.06999999999999995,2.0,-1.0,-1.0,0.0,0.0,0.0,0.0,0.0,0.0,0.25,-0.13,0.020000000000000004,-118.0,-41.0,-68.0,-9.0,-0.21999999999999997,-3.0,-0.14999999999999997,-6.0,1.0,0.0,1.0,0.030000000000000027,-5.0,-1.0,11.0,0.0,0.0,-2.0,-0.08000000000000002,2.0,0.19999999999999996,-1.0,-0.16999999999999998,0.0,-28.0,3.1,7.4,1.6153846153846154,0,2
110,0.44000000000000006,3.0,0.0,-1.0,-45.0,0.0,1.0,-1.0,1.0,-1.0,3.0,1.0,0.0,3.0,0.0,0.42999999999999994,0.009999999999999995,0.41999999999999993,-54.0,-36.0,-9.0,0.0,0.09999999999999998,0.0,0.06999999999999998,-4.0,-1.0,0.0,-3.0,-0.14,1.0,-1.0,3.0,0.0,-8.0,-9.0,-0.22999999999999998,1.0,0.06000000000000005,-5.0,-0.38,3.0,-12.0,36.0,1.01,111.0,1,1
111,0.10999999999999999,-1.0,0.0,0.0,-22.0,-0.029999999999999916,8.0,-2.0,3.0,-1.0,-1.0,1.0,0.0,2.0,-3.0,0.07,0.039999999999999994,-0.01,-21.0,-41.0,19.0,6.0,0.12000000000000005,2.0,0.25,-6.0,1.0,0.0,4.0,0.09999999999999998,-1.0,-1.0,-4.0,1.0,-9.0,-3.0,-0.08000000000000002,-6.0,-0.42,0.0,0.28,0.0,-4.0,2.04,2.75,4.75,0,0
112,0.4099999999999999,5.0,1.0,1.0,19.0,0.040000000000000036,0.0,0.0,3.0,0.0,3.0,2.0,0.0,3.0,2.0,-0.74,0.36,0.96,12.0,-74.0,93.0,16.0,0.45,6.0,0.06,0.0,0.0,0.0,2.0,0.06999999999999995,-1.0,-2.0,-4.0,-3.0,3.0,1.0,0.040000000000000036,2.0,0.15999999999999998,0.0,0.08000000000000002,0.0,6.0,2.3,3.1,3.2,0,0
113,1.2,6.0,2.0,1.0,-76.0,-0.040000000000000036,4.0,0.0,3.0,2.0,3.0,1.0,0.0,6.0,0.0,1.21,-0.009999999999999998,1.6,-80.0,-78.0,2.0,-3.0,-0.040000000000000036,2.0,0.4,-4.0,0.0,0.0,-3.0,-0.6,2.0,-1.0,1.0,-2.0,-4.0,0.0,0.0,-4.0,-0.6599999999999999,7.0,,1.0,-18.0,6.0,1.1818181818181819,18.0,2,1
114,-0.23999999999999994,1.0,-1.0,-1.0,-6.0,0.019999999999999907,0.0,-3.0,0.0,2.0,1.0,-2.0,-1.0,-3.0,4.0,-0.23000000000000004,-0.009999999999999995,0.36,-13.0,0.0,-6.0,-7.0,-0.15999999999999998,0.0,-0.06000000000000001,5.0,0.0,0.0,-4.0,0.14,1.0,2.0,-4.0,-1.0,-10.0,-5.0,-0.13999999999999996,-5.0,-0.34,2.0,0.04999999999999999,0.0,-2.0,2.7,3.5,2.35,2,2
115,-0.8999999999999999,-8.0,-1.0,-1.0,-256.0,-0.33999999999999997,5.0,-1.0,-3.0,-2.0,-1.0,-5.0,0.0,-6.0,-2.0,-0.8099999999999999,-0.1,-0.5300000000000001,-247.0,-96.0,-160.0,2.0,-0.14999999999999997,0.0,0.04999999999999999,4.0,-1.0,0.0,8.0,-0.25,0.0,5.0,-2.0,1.0,-4.0,2.0,0.06000000000000005,-6.0,-0.31000000000000005,-4.0,0.5700000000000001,0.0,-50.0,3.4,7.5,1.55,0,2
116,-1.22,-4.0,-1.0,0.0,-39.0,-0.05999999999999994,0.0,-1.0,0.0,-2.0,-2.0,0.0,0.0,-3.0,-1.0,-0.33999999999999997,-0.09,-1.02,-36.0,-45.0,6.0,9.0,0.15999999999999998,1.0,0.13,0.0,1.0,0.0,0.0,-0.30000000000000004,1.0,0.0,-6.0,1.0,3.0,1.0,0.040000000000000036,2.0,0.10000000000000003,-2.0,0.09999999999999998,-2.0,-10.0,6.45,15.0,1.1666666666666667,2,2
117,0.75,0.0,1.0,0.0,-117.0,-0.12,-3.0,1.0,-2.0,0.0,1.0,-1.0,0.0,3.0,-3.0,-0.11999999999999997,0.09,1.29,-123.0,-3.0,-114.0,0.0,0.020000000000000018,0.0,0.08000000000000002,-7.0,-1.0,0.0,-1.0,-0.019999999999999907,5.0,1.0,4.0,0.0,6.0,5.0,0.09000000000000002,1.0,0.06000000000000005,3.0,0.17999999999999994,1.0,-34.0,4.2,1.4,9.625,1,1
118,0.21000000000000002,3.0,0.0,0.0,193.0,0.08999999999999997,-2.0,1.0,8.0,1.0,0.0,2.0,0.0,2.0,1.0,0.08,0.13,,200.0,49.0,144.0,-8.0,-0.19000000000000006,1.0,0.07,-4.0,2.0,0.0,1.0,0.06000000000000005,-6.0,-2.0,-10.0,0.0,3.0,6.0,0.19999999999999996,-3.0,-0.24,3.0,-0.040000000000000036,0.0,40.0,2.625,1.8,7.0,1,1
119,1.24,5.0,1.0,1.0,-10.0,0.020000000000000018,0.0,2.0,5.0,3.0,1.0,1.0,0.0,7.0,-2.0,0.21999999999999997,1.02,0.57,-17.0,-15.0,5.0,3.0,0.14,6.0,0.14,-7.0,1.0,0.0,-3.0,-0.31999999999999995,2.0,-3.0,-15.0,0.0,1.0,-2.0,-0.050000000000000044,3.0,0.18999999999999995,-3.0,0.08000000000000002,0.0,0.0,2.6125,2.1,4.55,0,1
120,0.74,7.0,1.0,1.0,79.0,0.06000000000000005,6.0,2.0,5.0,1.0,3.0,3.0,1.0,4.0,3.0,0.55,0.19,0.43,72.0,57.0,22.0,-2.0,0.020000000000000018,2.0,0.08999999999999997,-3.0,0.0,0.0,-2.0,-0.07,-1.0,-3.0,-8.0,-2.0,-5.0,-7.0,-0.21999999999999997,2.0,0.12000000000000005,2.0,-0.07,1.0,14.0,7.0,1.1333333333333333,25.0,1,1
121,-0.040000000000000036,-2.0,2.0,1.0,60.0,0.08000000000000007,-3.0,0.0,-1.0,-2.0,2.0,-2.0,0.0,1.0,-3.0,-0.26999999999999996,0.23,0.22,56.0,53.0,7.0,5.0,0.16000000000000003,-3.0,-0.19999999999999998,1.0,0.0,0.0,-3.0,-0.30000000000000004,1.0,2.0,-1.0,-1.0,5.0,4.0,0.09000000000000002,1.0,0.08000000000000002,2.0,-0.010000000000000009,1.0,12.0,4.333333333333334,1.3333333333333333,11.0,1,1
122,-0.97,-7.0,-1.0,0.0,45.0,0.010000000000000009,-2.0,1.0,-5.0,-5.0,-2.0,0.0,0.0,-6.0,-1.0,-0.6799999999999999,-0.29,-1.3199999999999998,54.0,54.0,-9.0,1.0,0.03999999999999998,-7.0,-0.41,1.0,1.0,0.0,0.0,-0.24000000000000005,0.0,0.0,5.0,1.0,0.0,-1.0,-0.030000000000000027,1.0,0.06000000000000005,-8.0,-0.13999999999999996,-1.0,8.0,3.7,6.5,1.5333333333333332,2,2
123,0.37,6.0,1.0,1.0,28.0,0.06999999999999995,2.0,0.0,6.0,1.0,4.0,1.0,0.0,2.0,4.0,0.17,0.2,1.04,21.0,-12.0,40.0,-3.0,0.03999999999999998,2.0,0.14,11.0,0.0,0.0,-3.0,-0.22999999999999998,2.0,-1.0,-15.0,-3.0,-3.0,0.0,0.0,-3.0,-0.10000000000000003,4.0,0.6299999999999999,1.0,8.0,4.9,1.25,15.0,2,1
124,0.07,5.0,-2.0,-2.0,13.0,0.010000000000000009,-5.0,-1.0,-1.0,2.0,3.0,0.0,-1.0,1.0,4.0,-0.15,0.22,0.49,13.0,-17.0,30.0,17.0,0.31,1.0,-0.020000000000000018,7.0,0.0,0.0,6.0,0.06999999999999995,-4.0,0.0,-2.0,-3.0,18.0,13.0,0.47,5.0,0.25,1.0,0.46,0.0,4.0,2.375,2.25,4.75,1,1
125,1.1600000000000001,7.0,2.0,0.0,144.0,0.10999999999999999,2.0,0.0,-1.0,2.0,5.0,0.0,0.0,7.0,0.0,1.1900000000000002,-0.03,1.86,134.0,11.0,133.0,17.0,0.47000000000000003,4.0,0.2,2.0,1.0,0.0,0.0,-0.10999999999999999,0.0,0.0,-1.0,-3.0,3.0,0.0,,2.0,1.0,1.0,0.17,2.0,24.0,17.0,1.0303030303030303,51.0,1,1
126,-0.9200000000000002,-3.0,0.0,1.0,87.0,0.07999999999999996,6.0,2.0,-3.0,-3.0,0.0,0.0,0.0,-4.0,1.0,-0.49000000000000005,-0.42,-0.30999999999999994,89.0,67.0,20.0,5.0,0.10999999999999999,-1.0,-0.07999999999999999,3.0,0.0,0.0,-1.0,-0.42,3.0,0.0,-7.0,-1.0,-8.0,-5.0,-0.18,-3.0,-0.15999999999999998,-1.0,0.17000000000000004,-1.0,22.0,3.2,5.0,1.8,2,2
127,0.10000000000000003,0.0,1.0,0.0,-95.0,-0.17000000000000004,0.0,1.0,-1.0,1.0,1.0,-2.0,0.0,-2.0,2.0,0.08999999999999997,0.03,0.64,-101.0,-46.0,-49.0,3.0,0.030000000000000027,1.0,0.25,-4.0,2.0,0.0,2.0,-0.039999999999999925,0.0,2.0,2.0,-1.0,-1.0,5.0,0.15999999999999998,-6.0,-0.5,1.0,0.19999999999999996,0.0,-30.0,2.375,3.4,2.625,0,0
128,1.4100000000000001,2.0,3.0,2.0,-23.0,-0.040000000000000036,-1.0,2.0,0.0,0.0,1.0,1.0,0.0,1.0,1.0,0.5700000000000001,0.05,1.58,-13.0,-28.0,5.0,3.0,-0.06,1.0,0.16,0.0,2.0,0.0,1.0,0.15000000000000002,-4.0,-1.0,1.0,0.0,-1.0,-2.0,-0.10000000000000003,1.0,0.19999999999999996,-3.0,-0.47000000000000003,1.0,-2.0,3.9,1.4444444444444444,8.0,1,1
129,0.23,3.0,0.0,0.0,12.0,-0.020000000000000018,-3.0,-1.0,0.0,1.0,1.0,1.0,0.0,3.0,0.0,0.16,0.07,0.09999999999999999,20.0,-6.0,18.0,7.0,0.13000000000000006,1.0,0.14,2.0,0.0,0.0,0.0,-0.08999999999999997,-4.0,-1.0,3.0,-1.0,10.0,7.0,0.15999999999999998,3.0,0.15000000000000008,4.0,0.17000000000000004,0.0,4.0,2.4,2.1,4.846153846153847,0,1
130,0.62,10.0,1.0,1.0,90.0,0.14,0.0,1.0,2.0,4.0,4.0,2.0,0.0,5.0,5.0,0.41000000000000003,0.2,0.42,78.0,24.0,66.0,7.0,0.43000000000000005,3.0,0.25,0.0,-1.0,-1.0,0.0,0.06999999999999995,0.0,-2.0,-2.0,-3.0,17.0,6.0,0.14000000000000007,11.0,0.5,6.0,0.18999999999999995,1.0,18.0,12.5,1.04,67.0,1,1
131,0.14,2.0,2.0,1.0,-73.0,-0.08999999999999997,1.0,1.0,1.0,0.0,1.0,1.0,0.0,2.0,0.0,0.06,0.09,0.85,-76.0,-51.0,-22.0,-1.0,-0.13,0.0,0.07,0.0,2.0,0.0,2.0,0.3,4.0,-1.0,6.0,-1.0,-4.0,-1.0,-0.040000000000000036,-3.0,-0.14000000000000007,1.0,0.03999999999999998,1.0,-18.0,3.25,1.6153846153846154,6.0,1,1
132,1.4700000000000002,11.0,3.0,3.0,165.0,0.24,-1.0,0.0,-1.0,5.0,3.0,3.0,1.0,6.0,5.0,0.65,0.030000000000000006,1.1400000000000001,166.0,80.0,85.0,11.0,0.33,1.0,0.03999999999999998,1.0,-1.0,0.0,2.0,0.5,-4.0,-4.0,-8.0,-2.0,6.0,2.0,0.06000000000000005,4.0,0.24000000000000005,3.0,0.0,0.0,42.0,2.375,2.3,4.5,0,1
133,0.07,-2.0,0.0,0.0,-55.0,-0.12,3.0,0.0,-8.0,0.0,-2.0,0.0,0.0,-1.0,-1.0,0.15,-0.08,-0.3,-48.0,-14.0,-41.0,5.0,0.02999999999999997,-2.0,0.1,-11.0,0.0,0.0,1.0,-0.22999999999999998,5.0,0.0,9.0,2.0,3.0,0.0,-0.030000000000000027,3.0,0.19999999999999996,-2.0,-0.25,0.0,-16.0,2.25,4.75,2.375,0,0
134,0.75,3.0,1.0,0.0,40.0,0.06999999999999995,-9.0,-1.0,-4.0,3.0,1.0,-1.0,0.0,1.0,2.0,0.74,0.01,0.99,37.0,71.0,-31.0,5.0,0.16000000000000003,0.0,0.22000000000000003,-4.0,0.0,0.0,1.0,0.32999999999999996,4.0,1.0,11.0,0.0,13.0,4.0,0.15999999999999998,9.0,0.48,-5.0,-0.32999999999999996,1.0,8.0,3.3499999999999996,1.5714285714285714,7.5,1,1
135,0.8500000000000001,7.0,2.0,1.0,11.0,0.010000000000000009,-1.0,0.0,6.0,4.0,1.0,2.0,0.0,3.0,4.0,0.74,0.11,0.43,11.0,-34.0,45.0,2.0,0.19000000000000006,1.0,-0.11000000000000001,-5.0,-1.0,0.0,3.0,0.03999999999999998,0.0,-2.0,-7.0,-1.0,9.0,9.0,0.19999999999999996,0.0,0.0,2.0,0.25,0.0,4.0,3.5454545454545454,1.48,9.0,1,1
136,0.97,11.0,2.0,1.0,195.0,0.18000000000000005,-4.0,0.0,5.0,5.0,2.0,4.0,0.0,5.0,6.0,0.34,0.63,1.15,193.0,-6.0,201.0,3.0,0.20000000000000007,3.0,0.020000000000000018,0.0,-1.0,0.0,2.0,0.010000000000000009,-4.0,-4.0,-17.0,0.0,8.0,5.0,0.18,3.0,0.6000000000000001,-3.0,-0.75,2.0,46.0,51.0,1.0045,151.0,1,1
137,-0.16000000000000003,3.0,-1.0,-1.0,53.0,0.1100000000000001,0.0,0.0,2.0,2.0,-2.0,3.0,0.0,-2.0,5.0,-0.48000000000000004,0.32,-0.24,48.0,2.0,51.0,3.0,0.11000000000000004,0.0,-0.09000000000000001,-1.0,-2.0,0.0,0.0,0.06,-1.0,-2.0,-2.0,2.0,5.0,-2.0,-0.040000000000000036,7.0,0.54,-1.0,-0.09999999999999998,0.0,16.0,2.9,1.65,7.5,1,1
138,-0.9900000000000001,-7.0,-1.0,0.0,-63.0,-0.040000000000000036,-4.0,-1.0,2.0,-3.0,-3.0,-1.0,-1.0,-6.0,-1.0,-0.99,0.0,-1.14,-62.0,-38.0,-25.0,10.0,-0.06000000000000005,-1.0,-0.2,0.0,1.0,0.0,-1.0,-0.4,5.0,1.0,-4.0,2.0,2.0,1.0,0.020000000000000018,1.0,0.13999999999999996,-5.0,-0.17999999999999994,-1.0,-12.0,5.75,16.0,1.2,2,2
139,-0.75,0.0,-4.0,-2.0,2.0,-0.010000000000000009,5.0,-1.0,-1.0,-1.0,-1.0,2.0,-1.0,-3.0,3.0,-0.53,-0.21000000000000002,-1.2,4.0,2.0,0.0,6.0,0.15000000000000002,-2.0,-0.36999999999999994,-2.0,0.0,0.0,-6.0,-0.12,-6.0,-2.0,-11.0,0.0,-10.0,-13.0,-0.43999999999999995,3.0,0.28,1.0,-0.25,-1.0,2.0,3.1,3.25,2.2,0,2
140,0.77,9.0,2.0,1.0,181.0,0.21999999999999997,-1.0,2.0,6.0,2.0,6.0,1.0,0.0,5.0,4.0,0.65,0.12,1.33,175.0,52.0,129.0,13.0,0.20000000000000007,2.0,0.14,5.0,-1.0,0.0,-1.0,0.15999999999999992,0.0,-2.0,-11.0,-5.0,5.0,4.0,0.12000000000000005,1.0,0.06000000000000005,5.0,0.25,1.0,40.0,12.0,1.05,41.0,1,1
141,0.36999999999999994,14.0,1.0,1.0,109.0,0.2300000000000001,-1.0,0.0,5.0,9.0,3.0,2.0,0.0,7.0,7.0,-0.010000000000000009,0.38,0.8099999999999999,102.0,4.0,105.0,-5.0,0.18,6.0,0.25,15.0,0.0,-1.0,-4.0,-0.49999999999999994,-4.0,-2.0,-24.0,-3.0,-8.0,-8.0,-0.26,0.0,0.0,-6.0,-0.5800000000000001,0.0,34.0,4.75,1.25,15.0,0,1
142,0.09999999999999998,8.0,0.0,0.0,7.0,0.010000000000000009,-3.0,-1.0,-1.0,7.0,2.0,-1.0,0.0,5.0,3.0,-0.10999999999999999,0.21,0.4700000000000001,7.0,-20.0,27.0,13.0,0.16999999999999998,4.0,0.67,-3.0,0.0,0.0,2.0,-0.10000000000000009,2.0,1.0,2.0,-2.0,14.0,7.0,0.28,7.0,0.78,1.0,0.07000000000000006,0.0,2.0,2.5,2.5,3.8,1,0
143,0.79,7.0,2.0,1.0,-26.0,-0.010000000000000009,-5.0,1.0,2.0,4.0,1.0,2.0,0.0,6.0,1.0,0.19,0.61,0.9099999999999999,-28.0,-14.0,-12.0,4.0,0.06999999999999995,3.0,0.15999999999999998,-2.0,1.0,0.0,2.0,-0.5,0.0,-2.0,-3.0,0.0,14.0,9.0,0.32,5.0,0.56,-2.0,0.6,1.0,-6.0,3.75,1.5,6.75,1,1
144,0.24999999999999994,6.0,1.0,1.0,-35.0,-0.030000000000000027,3.0,-1.0,0.0,-1.0,2.0,5.0,0.0,4.0,2.0,0.16999999999999998,0.08000000000000002,0.92,-39.0,-43.0,8.0,-30.0,-0.28,2.0,0.29,-8.0,-1.0,0.0,4.0,-0.07000000000000006,3.0,-6.0,-2.0,-2.0,-4.0,3.0,0.10000000000000003,-7.0,-0.54,-1.0,-0.33,0.0,-8.0,2.75,2.0,4.5,2,1
145,0.2,3.0,1.0,0.0,128.0,0.12,-4.0,1.0,1.0,0.0,3.0,0.0,-1.0,3.0,0.0,0.06,0.14,1.44,128.0,82.0,46.0,7.0,0.14999999999999997,3.0,0.2,0.0,0.0,0.0,-1.0,-0.17,0.0,0.0,-8.0,-1.0,4.0,-3.0,-0.17999999999999994,7.0,0.72,-1.0,-1.0,1.0,30.0,5.5,1.2,17.0,2,1
146,-0.25,-3.0,-2.0,-2.0,-225.0,-0.17000000000000004,-1.0,2.0,-2.0,-2.0,0.0,-1.0,0.0,-1.0,-2.0,-0.21000000000000002,-0.04,,-225.0,-90.0,-135.0,-6.0,-0.24000000000000005,0.0,0.0,-1.0,1.0,0.0,1.0,-0.09999999999999998,0.0,1.0,-1.0,0.0,0.0,4.0,0.21999999999999997,-4.0,-0.25,-1.0,-0.5,0.0,-40.0,3.5,11.0,1.4444444444444444,0,2
147,0.38999999999999996,1.0,0.0,1.0,83.0,0.08999999999999997,1.0,0.0,3.0,-1.0,0.0,2.0,1.0,0.0,1.0,0.57,-0.18,-0.9900000000000001,89.0,25.0,58.0,11.0,0.22000000000000003,0.0,-0.42000000000000004,-1.0,-1.0,0.0,1.0,0.22999999999999998,-1.0,-2.0,-9.0,-1.0,-3.0,-1.0,-0.040000000000000036,-2.0,-0.12000000000000005,3.0,0.25,-1.0,24.0,3.75,9.0,1.4444444444444444,0,2
148,0.47000000000000003,4.0,1.0,0.0,-51.0,-0.019999999999999907,2.0,2.0,2.0,1.0,3.0,0.0,0.0,2.0,2.0,0.49,-0.019999999999999997,1.15,-57.0,-82.0,31.0,-6.0,-0.09000000000000002,-2.0,-0.25,0.0,1.0,0.0,0.0,0.10999999999999999,4.0,0.0,-14.0,-1.0,-6.0,-5.0,-0.13999999999999996,-1.0,-0.19999999999999996,0.0,-0.06999999999999998,2.0,-12.0,7.0,1.1666666666666667,15.0,1,1
149,0.65,12.0,-1.0,-1.0,27.0,0.010000000000000009,-1.0,0.0,0.0,5.0,3.0,4.0,0.0,8.0,4.0,0.38,0.26,1.8599999999999999,32.0,22.0,5.0,5.0,-0.020000000000000018,2.0,0.18,5.0,1.0,0.0,-3.0,-0.16999999999999998,2.0,-4.0,-8.0,-1.0,-8.0,-5.0,-0.12999999999999995,-3.0,-0.13999999999999996,-2.0,0.10000000000000009,2.0,8.0,7.5,1.1428571428571428,17.0,1,1
150,-0.33,4.0,-1.0,-1.0,126.0,0.06999999999999995,-4.0,4.0,6.0,4.0,0.0,0.0,0.0,3.0,1.0,-0.37,0.04,0.21999999999999997,132.0,53.0,73.0,-2.0,-0.13,4.0,0.25,0.0,0.0,0.0,-7.0,-0.07000000000000006,-5.0,1.0,-7.0,0.0,-8.0,-6.0,-0.18,-2.0,-0.15999999999999998,0.0,-0.39,2.0,30.0,25.0,1.02,76.0,1,1
151,-0.25,4.0,-2.0,-2.0,-29.0,-0.010000000000000009,3.0,0.0,2.0,1.0,2.0,1.0,1.0,2.0,2.0,-0.27999999999999997,0.039999999999999994,0.5499999999999999,-32.0,-7.0,-22.0,-15.0,-0.3,2.0,0.22,-7.0,0.0,0.0,5.0,0.22000000000000008,-5.0,-1.0,-4.0,-2.0,-1.0,-1.0,-0.020000000000000018,0.0,0.0,-1.0,0.29000000000000004,0.0,-6.0,2.75,2.1,4.0,1,1
152,-0.74,-4.0,-1.0,-1.0,-105.0,-0.040000000000000036,-1.0,0.0,-3.0,2.0,-2.0,-4.0,0.0,-4.0,0.0,-0.5900000000000001,-0.15,-0.83,-107.0,-58.0,-47.0,-5.0,-0.39999999999999997,0.0,0.040000000000000036,-3.0,0.0,1.0,-1.0,-0.6,7.0,3.0,3.0,1.0,6.0,5.0,0.15999999999999998,1.0,0.06000000000000005,-1.0,-0.10999999999999999,-1.0,-18.0,19.0,67.0,1.0303030303030303,2,2
153,-1.23,-7.0,-2.0,-2.0,-173.0,-0.21999999999999997,0.0,0.0,-4.0,-1.0,-6.0,0.0,0.0,-7.0,0.0,-0.4099999999999999,-0.81,-2.56,-164.0,-36.0,-137.0,2.0,-0.13000000000000006,-4.0,-0.019999999999999962,-1.0,0.0,0.0,-2.0,-0.10999999999999999,2.0,0.0,3.0,5.0,3.0,-3.0,-0.13999999999999996,6.0,0.42,-1.0,-0.08000000000000002,0.0,-38.0,3.4,7.125,1.55,2,2
154,-1.54,-9.0,-2.0,-1.0,-200.0,-0.28,7.0,-4.0,1.0,-5.0,-2.0,-2.0,0.0,-7.0,-2.0,-1.28,-0.26,-0.75,-192.0,-140.0,-60.0,-14.0,-0.27999999999999997,-1.0,-0.08999999999999997,0.0,0.0,0.0,2.0,-0.14,-5.0,2.0,1.0,0.0,-11.0,-6.0,-0.24,-5.0,-0.28,-2.0,-0.35,-2.0,-42.0,34.5,101.0,1.01,2,2
155,0.38,7.0,1.0,1.0,-5.0,0.020000000000000018,-1.0,1.0,0.0,3.0,2.0,2.0,0.0,5.0,2.0,0.26,0.11,0.06000000000000001,-11.0,-7.0,2.0,-3.0,0.2,0.0,-0.35,2.0,2.0,0.0,3.0,0.020000000000000018,1.0,-4.0,-3.0,-1.0,7.0,4.0,0.13999999999999996,3.0,0.20999999999999996,-1.0,-0.09999999999999998,0.0,0.0,2.75,1.8333333333333335,5.5,1,1
156,-0.37,1.0,1.0,0.0,97.0,0.09999999999999998,3.0,0.0,0.0,0.0,-3.0,4.0,0.0,-1.0,2.0,-0.09999999999999998,-0.28,-0.8400000000000001,92.0,15.0,82.0,9.0,0.30999999999999994,-3.0,-0.6799999999999999,9.0,1.0,0.0,-2.0,0.17000000000000004,-3.0,-4.0,-6.0,2.0,-14.0,-8.0,-0.29000000000000004,-6.0,-0.34,1.0,-0.07,-1.0,22.0,3.2,4.0,1.95,1,2
157,-0.53,-4.0,0.0,0.0,-34.0,-0.010000000000000009,2.0,3.0,0.0,2.0,-4.0,-2.0,0.0,-5.0,1.0,-0.26,-0.26,-0.67,-40.0,-8.0,-26.0,-2.0,-0.020000000000000018,-2.0,-0.10999999999999999,-8.0,0.0,0.0,-1.0,-0.09999999999999998,3.0,2.0,-1.0,4.0,-3.0,-4.0,-0.13999999999999996,1.0,0.13999999999999996,-1.0,-0.26999999999999996,0.0,-8.0,2.625,3.1,2.65,0,0
158,-0.36000000000000004,-7.0,1.0,0.0,-202.0,-0.14,0.0,0.0,-4.0,-2.0,-2.0,-3.0,-1.0,-6.0,-1.0,-0.27,-0.09,-0.51,-208.0,-54.0,-148.0,-6.0,-0.24000000000000005,-5.0,-0.42,7.0,-1.0,1.0,-5.0,-0.26999999999999996,-1.0,2.0,7.0,3.0,-8.0,-8.0,-0.18,0.0,0.0,-6.0,-0.27,0.0,-46.0,3.5,11.0,1.4444444444444444,2,2
159,0.74,-1.0,2.0,1.0,-67.0,-0.07999999999999996,-4.0,0.0,-4.0,2.0,-2.0,-1.0,0.0,0.0,-1.0,0.69,0.04000000000000001,0.03,-65.0,-20.0,-47.0,-6.0,-0.10999999999999999,-3.0,0.12000000000000002,-12.0,1.0,0.0,0.0,-0.12,6.0,1.0,11.0,2.0,13.0,7.0,0.34,6.0,0.28,2.0,0.29,0.0,-18.0,2.375,3.3529411764705883,2.85,1,0
160,0.21000000000000002,1.0,0.0,1.0,84.0,0.08999999999999997,0.0,2.0,2.0,3.0,-1.0,-1.0,0.0,1.0,0.0,-0.010000000000000009,0.22,-0.63,81.0,-4.0,88.0,1.0,0.14,2.0,-0.34,5.0,1.0,0.0,-1.0,-0.09000000000000002,-3.0,1.0,-6.0,0.0,1.0,2.0,0.040000000000000036,-1.0,-0.34,2.0,0.33,-1.0,22.0,3.1,3.1,2.25,0,2
161,0.97,7.0,2.0,2.0,-8.0,-0.030000000000000027,-2.0,-1.0,3.0,2.0,2.0,3.0,0.0,4.0,3.0,0.8999999999999999,0.07,1.4,-2.0,-28.0,20.0,-1.0,-0.06,5.0,0.38,0.0,1.0,0.0,1.0,-0.030000000000000027,-4.0,-4.0,-11.0,-1.0,4.0,4.0,0.10000000000000003,0.0,0.030000000000000027,-2.0,-0.17000000000000004,0.0,2.0,2.25,2.375,5.0,1,0
162,-0.10999999999999999,-3.0,0.0,0.0,-110.0,-0.07999999999999996,5.0,-2.0,-3.0,-2.0,-1.0,0.0,0.0,0.0,-3.0,-0.10999999999999999,,-0.48,-117.0,-56.0,-54.0,-5.0,0.030000000000000027,-1.0,0.0,7.0,0.0,0.0,-5.0,0.25,2.0,0.0,9.0,1.0,-8.0,-12.0,-0.5800000000000001,4.0,0.20999999999999996,0.0,-0.75,0.0,-26.0,2.6,3.225,2.6,2,0
163,0.32999999999999996,0.0,3.0,2.0,8.0,-0.010000000000000009,0.0,0.0,-1.0,1.0,0.0,-1.0,0.0,-2.0,2.0,0.49,-0.16,0.35,13.0,51.0,-43.0,-8.0,-0.25,-4.0,-0.36,0.0,1.0,0.0,-1.0,0.31,-1.0,1.0,8.0,1.0,1.0,-1.0,-0.040000000000000036,2.0,0.25,3.0,-0.29,1.0,0.0,3.275,1.775,4.5,2,1
164,0.6099999999999999,3.0,-2.0,-2.0,43.0,0.07999999999999996,-1.0,0.0,3.0,4.0,-1.0,0.0,1.0,0.0,3.0,0.5700000000000001,0.030000000000000002,-0.33,34.0,36.0,7.0,-1.0,0.030000000000000027,-1.0,-0.15,-2.0,-1.0,0.0,-6.0,,-10.0,0.0,-2.0,0.0,-11.0,-13.0,-0.51,2.0,0.15999999999999998,-3.0,-0.75,-1.0,8.0,3.673529411764706,6.0,1.5333333333333332,2,2
165,-0.25,-4.0,-2.0,-1.0,-23.0,-0.010000000000000009,-3.0,-1.0,-4.0,1.0,-2.0,-3.0,0.0,-3.0,-1.0,-0.21,-0.04,-0.9,-28.0,-17.0,-6.0,-7.0,-0.18,0.0,0.08000000000000002,-8.0,-1.0,0.0,-5.0,-0.14,0.0,3.0,9.0,1.0,3.0,-3.0,-0.10000000000000003,6.0,0.5,-1.0,-0.14,-1.0,-6.0,5.5,16.5,1.1818181818181819,2,2
166,0.3500000000000001,1.0,1.0,0.0,6.0,0.039999999999999925,1.0,1.0,3.0,-1.0,2.0,0.0,1.0,2.0,-1.0,0.15999999999999992,0.19,0.97,-3.0,7.0,-1.0,2.0,-0.010000000000000009,2.0,-0.020000000000000018,-2.0,1.0,0.0,-2.0,0.0,5.0,0.0,-11.0,-2.0,-18.0,-4.0,-0.13999999999999996,-14.0,-0.7,2.0,0.34,0.0,0.0,2.6,2.375,3.5,2,1
167,-1.06,-1.0,-3.0,-1.0,-27.0,-0.010000000000000009,-3.0,-1.0,1.0,-1.0,-3.0,3.0,0.0,-6.0,5.0,-1.08,0.02,-1.88,-27.0,-9.0,-18.0,8.0,0.15000000000000002,-3.0,-0.6,-3.0,-1.0,0.0,-2.0,-0.32999999999999996,1.0,-3.0,-3.0,0.0,5.0,4.0,0.21999999999999997,1.0,0.12000000000000005,1.0,0.2,-3.0,-6.0,37.0,86.0,1.01,2,2
168,0.18999999999999997,5.0,0.0,0.0,-42.0,-0.010000000000000009,-9.0,2.0,1.0,2.0,1.0,2.0,0.0,1.0,4.0,0.18000000000000002,0.01,0.16,-49.0,-26.0,-16.0,3.0,0.06999999999999995,2.0,0.29,-5.0,0.0,0.0,-1.0,-0.37000000000000005,7.0,-2.0,-5.0,-1.0,12.0,11.0,0.39999999999999997,1.0,0.12000000000000005,0.0,0.0,0.0,-10.0,2.55,2.0,5.25,0,1
169,-0.3600000000000001,7.0,-1.0,0.0,16.0,0.040000000000000036,-2.0,0.0,2.0,5.0,-1.0,3.0,0.0,2.0,5.0,-0.5100000000000001,0.15,-0.3900000000000001,9.0,-24.0,40.0,6.0,0.26,5.0,0.38,-1.0,0.0,0.0,0.0,0.0,0.0,-1.0,-11.0,0.0,4.0,2.0,0.08000000000000002,2.0,0.15999999999999998,0.0,-0.16999999999999998,0.0,4.0,2.625,2.05,5.125,1,1
170,0.6499999999999999,8.0,0.0,1.0,60.0,0.09999999999999998,4.0,-3.0,7.0,2.0,1.0,5.0,0.0,7.0,1.0,0.5700000000000001,0.08,0.04999999999999993,50.0,-17.0,77.0,9.0,0.26000000000000006,4.0,0.21,11.0,1.0,0.0,-6.0,-0.39,-6.0,-4.0,-6.0,-1.0,-13.0,-14.0,-0.54,1.0,0.12000000000000005,-2.0,-0.34,0.0,16.0,2.35,3.2,3.0,0,0
171,-0.14,3.0,0.0,0.0,19.0,0.050000000000000044,-3.0,2.0,-3.0,3.0,-3.0,3.0,0.0,0.0,3.0,0.020000000000000004,-0.15999999999999998,-0.17,13.0,-14.0,33.0,5.0,0.16000000000000003,1.0,0.0,-1.0,0.0,0.0,5.0,0.63,1.0,-3.0,-9.0,3.0,3.0,4.0,0.12000000000000005,-1.0,-0.06000000000000005,-3.0,-0.07000000000000006,0.0,4.0,2.15,2.8,4.0,2,0
172,-1.47,-5.0,-2.0,-2.0,-2.0,-0.020000000000000018,-2.0,1.0,4.0,-3.0,0.0,-2.0,0.0,-4.0,-1.0,-0.72,0.03,-0.45999999999999996,3.0,19.0,-21.0,15.0,0.1399999999999999,1.0,-0.10999999999999999,4.0,1.0,-1.0,4.0,0.45999999999999996,2.0,2.0,2.0,0.0,-4.0,-3.0,-0.12000000000000005,-1.0,-0.10000000000000003,-7.0,-0.7,0.0,2.0,2.725,1.8333333333333335,6.125,0,1
173,-0.91,-4.0,-2.0,-2.0,-114.0,-0.05999999999999994,3.0,1.0,-1.0,-2.0,-3.0,1.0,-1.0,-5.0,1.0,-0.8200000000000001,-0.09,-0.12,-121.0,-47.0,-67.0,0.0,-0.18999999999999995,-2.0,-0.09000000000000001,-7.0,2.0,0.0,2.0,0.29000000000000004,6.0,0.0,1.0,2.0,-2.0,2.0,0.06000000000000005,-4.0,-0.5,5.0,0.44999999999999996,0.0,-28.0,2.5,3.8,2.4,1,2
174,-0.08000000000000002,-5.0,0.0,0.0,-175.0,-0.08000000000000007,1.0,0.0,0.0,-5.0,1.0,-1.0,0.0,-3.0,-2.0,-0.47000000000000003,0.39,0.04,-183.0,-81.0,-94.0,-7.0,-0.37,-1.0,-0.020000000000000018,2.0,0.0,0.0,0.0,-0.1499999999999999,11.0,1.0,3.0,-1.0,2.0,0.0,0.0,2.0,0.34,-1.0,-0.24000000000000005,0.0,-38.0,2.375,3.7,2.625,0,0
175,-0.5,-2.0,-1.0,-1.0,-71.0,-0.13,-4.0,1.0,-1.0,-2.0,-1.0,1.0,1.0,-4.0,2.0,-0.12000000000000001,-0.39,,-61.0,-21.0,-50.0,-5.0,-0.28,-2.0,-0.2,5.0,0.0,0.0,1.0,0.029999999999999916,2.0,1.0,-2.0,0.0,6.0,6.0,0.15999999999999998,0.0,0.0,2.0,0.3,0.0,-16.0,2.55,3.1,2.75,2,0
176,-0.14,2.0,-3.0,-2.0,123.0,0.09999999999999998,1.0,3.0,8.0,0.0,1.0,1.0,-1.0,2.0,0.0,-0.34,0.2,-0.71,126.0,73.0,50.0,-3.0,0.04999999999999999,3.0,0.13,1.0,0.0,0.0,1.0,0.47000000000000003,0.0,-1.0,-16.0,-2.0,-5.0,-3.0,-0.12000000000000005,-2.0,-0.13999999999999996,2.0,-0.07000000000000006,-1.0,34.0,3.3,6.0,1.6153846153846154,2,2
177,0.71,0.0,3.0,3.0,-16.0,-0.020000000000000018,-1.0,0.0,0.0,-1.0,1.0,0.0,0.0,5.0,-5.0,0.5599999999999999,0.14,0.8400000000000001,-17.0,26.0,-42.0,12.0,0.31000000000000005,1.0,0.28,0.0,0.0,0.0,0.0,-0.14,5.0,0.0,6.0,-2.0,-3.0,-1.0,-0.040000000000000036,-2.0,-0.06000000000000005,-3.0,0.04999999999999993,-1.0,-6.0,5.0,14.0,1.25,2,2
178,0.8099999999999999,-2.0,1.0,0.0,111.0,0.07999999999999996,0.0,1.0,-2.0,1.0,-1.0,-2.0,0.0,3.0,-5.0,0.020000000000000018,0.0,0.55,107.0,83.0,28.0,-16.0,-0.29,1.0,-0.16999999999999998,3.0,0.0,0.0,1.0,0.32999999999999996,0.0,2.0,-2.0,2.0,-6.0,0.0,0.0,-6.0,-0.6000000000000001,2.0,0.33,1.0,20.0,4.75,1.25,13.0,1,1
179,0.19,0.0,0.0,0.0,-53.0,-0.05999999999999994,6.0,-1.0,0.0,2.0,-1.0,-1.0,0.0,1.0,-1.0,0.08000000000000002,0.12000000000000001,-0.2,-45.0,-14.0,-39.0,-8.0,-0.16999999999999998,2.0,0.07,1.0,1.0,0.0,-1.0,-0.6699999999999999,0.0,1.0,2.0,1.0,-9.0,-5.0,-0.21999999999999997,-4.0,-0.6599999999999999,-2.0,-0.32999999999999996,0.0,-8.0,2.3,3.75,2.547727272727273,2,0
180,0.85,11.0,0.0,0.0,120.0,0.16999999999999993,0.0,-1.0,1.0,6.0,2.0,3.0,1.0,6.0,5.0,0.78,0.07,0.32,109.0,57.0,63.0,0.0,0.24,4.0,0.4,-1.0,-1.0,0.0,-2.0,-0.23999999999999994,-9.0,-3.0,-9.0,-3.0,-6.0,-4.0,-0.13999999999999996,-2.0,-0.13999999999999996,-3.0,-0.6699999999999999,0.0,24.0,3.0,1.5714285714285714,9.375,2,1
181,-0.06,-2.0,0.0,0.0,-53.0,-0.040000000000000036,-1.0,0.0,2.0,-1.0,0.0,-1.0,0.0,0.0,-2.0,-0.06,,,-51.0,-30.0,-23.0,-8.0,-0.11000000000000004,2.0,0.18,0.0,0.0,0.0,-2.0,-1.0,-1.0,1.0,-8.0,0.0,4.0,5.0,0.18,-1.0,-0.13999999999999996,-1.0,0.15999999999999998,0.0,-8.0,2.05,2.7,4.5,0,0
182,0.009999999999999995,0.0,0.0,0.0,52.0,0.06999999999999995,-3.0,-1.0,0.0,-1.0,1.0,0.0,-1.0,-1.0,1.0,0.020000000000000004,0.0,0.14,55.0,45.0,7.0,10.0,0.03999999999999998,-3.0,-0.33,1.0,0.0,0.0,0.0,-0.30000000000000004,-6.0,0.0,3.0,0.0,10.0,8.0,0.28,2.0,0.22000000000000003,2.0,0.16999999999999998,1.0,16.0,4.0,1.4,8.5,1,1
183,0.26,3.0,0.0,0.0,20.0,0.010000000000000009,3.0,1.0,1.0,-1.0,4.0,0.0,0.0,1.0,2.0,0.26999999999999996,-0.009999999999999998,0.6000000000000001,23.0,-9.0,29.0,0.0,0.04999999999999999,2.0,0.22,-2.0,1.0,-1.0,-1.0,-0.32999999999999996,0.0,0.0,-10.0,-4.0,-8.0,-8.0,-0.24,0.0,0.0,-6.0,-0.45,0.0,8.0,2.75,1.9090909090909092,4.85,1,1
184,0.26000000000000006,6.0,0.0,0.0,-83.0,-0.05999999999999994,1.0,-2.0,4.0,1.0,2.0,3.0,0.0,1.0,5.0,0.13999999999999999,0.12,0.9600000000000001,-84.0,-88.0,5.0,9.0,0.22999999999999998,1.0,-0.15000000000000002,9.0,0.0,1.0,-3.0,-0.44,-1.0,-3.0,-7.0,-2.0,3.0,1.0,0.040000000000000036,2.0,0.15999999999999998,2.0,0.05999999999999994,1.0,-18.0,4.225,1.3416666666666668,9.0,0,1
185,-0.040000000000000036,-3.0,1.0,0.0,-18.0,0.0,-1.0,0.0,-3.0,-1.0,2.0,-4.0,0.0,-2.0,-1.0,0.21999999999999997,-0.26,1.49,-22.0,-27.0,9.0,-3.0,-0.12000000000000005,-2.0,0.0,2.0,-1.0,0.0,0.0,0.13,0.0,4.0,5.0,-1.0,0.0,-3.0,-0.08000000000000002,3.0,0.6000000000000001,-1.0,-0.14,1.0,-8.0,3.4,1.6666666666666665,5.8,1,1
186,0.56,0.0,2.0,2.0,-3.0,-0.020000000000000018,-2.0,0.0,-2.0,1.0,-1.0,0.0,1.0,0.0,0.0,0.73,-0.18,-0.22000000000000003,2.0,9.0,-12.0,-2.0,-0.07,-1.0,0.23,2.0,-1.0,0.0,0.0,-0.07,-4.0,1.0,10.0,0.0,0.0,3.0,0.12000000000000005,-3.0,-0.18,1.0,-0.15999999999999998,0.0,-4.0,2.7,2.775,3.0,2,0
187,0.31,-2.0,2.0,1.0,41.0,0.06999999999999995,-1.0,1.0,3.0,0.0,0.0,-2.0,0.0,-1.0,-1.0,0.31999999999999995,0.0,-0.050000000000000044,41.0,44.0,-3.0,1.0,0.03999999999999998,2.0,-0.01999999999999999,0.0,-1.0,0.0,0.0,-0.12,-5.0,0.0,-5.0,-1.0,6.0,1.0,0.050000000000000044,5.0,0.15999999999999998,-1.0,-0.06999999999999995,1.0,14.0,3.8,1.4,9.5,1,1
188,0.09999999999999998,2.0,0.0,0.0,125.0,0.07999999999999996,4.0,-2.0,-2.0,4.0,-2.0,0.0,0.0,0.0,2.0,0.12000000000000002,-0.01999999999999999,-0.51,128.0,73.0,52.0,10.0,0.19,1.0,0.29999999999999993,-4.0,0.0,0.0,-1.0,-0.18999999999999995,-2.0,0.0,-1.0,1.0,2.0,-3.0,-0.12000000000000005,5.0,0.72,1.0,0.11999999999999997,-1.0,26.0,3.1,3.4,2.165,2,2
189,0.9,6.0,4.0,2.0,111.0,0.050000000000000044,3.0,2.0,3.0,1.0,6.0,-1.0,0.0,6.0,0.0,0.9,,2.84,113.0,39.0,72.0,7.0,0.19999999999999996,0.0,-0.03,-1.0,0.0,0.0,3.0,0.33,-4.0,1.0,-13.0,-4.0,0.0,-2.0,-0.06000000000000005,2.0,0.15999999999999998,2.0,0.09999999999999998,2.0,24.0,26.0,1.0151515151515151,91.0,1,1
190,-0.13,-2.0,-2.0,-2.0,33.0,0.020000000000000018,0.0,1.0,0.0,-3.0,1.0,0.0,-1.0,-3.0,1.0,-0.040000000000000036,-0.09,0.12,34.0,-7.0,40.0,-2.0,-0.06,-2.0,-0.2,-1.0,1.0,-1.0,-1.0,0.0,3.0,0.0,-3.0,-1.0,-2.0,-1.0,-0.09000000000000008,-1.0,-0.12000000000000005,0.0,0.0,0.0,6.0,2.5,2.25,4.0,1,1
191,0.6099999999999999,-1.0,1.0,0.0,-19.0,0.010000000000000009,-1.0,0.0,-1.0,0.0,1.0,-2.0,0.0,-4.0,3.0,0.6100000000000001,-0.010000000000000009,0.91,-25.0,-8.0,-11.0,-11.0,-0.26000000000000006,-1.0,-0.16999999999999998,-7.0,-1.0,0.0,4.0,0.20999999999999996,-1.0,2.0,5.0,0.0,2.0,2.0,0.06000000000000005,0.0,0.0,-3.0,0.04999999999999993,1.0,-4.0,3.1,1.8333333333333335,4.9,1,1
192,0.12,-2.0,-1.0,-1.0,23.0,-0.010000000000000009,-4.0,1.0,-3.0,-3.0,3.0,-2.0,0.0,3.0,-5.0,-0.03999999999999998,0.15,0.31,29.0,103.0,-80.0,-2.0,-0.07999999999999996,1.0,0.2,-2.0,-1.0,0.0,-2.0,-0.25,1.0,2.0,5.0,-3.0,4.0,6.0,0.19999999999999996,-2.0,-0.25,2.0,0.07,0.0,4.0,2.4,3.4,2.75,2,0
193,1.02,11.0,2.0,1.0,128.0,0.15000000000000002,-3.0,-1.0,5.0,1.0,5.0,5.0,0.0,7.0,4.0,0.9500000000000001,0.06,1.97,129.0,68.0,60.0,6.0,0.10999999999999999,1.0,0.03999999999999998,-5.0,-1.0,0.0,4.0,0.8,5.0,-5.0,-2.0,-2.0,9.0,8.0,0.34,1.0,0.04999999999999999,1.0,0.6699999999999999,3.0,32.0,67.0,1.0033333333333334,243.0,1,1
194,-1.11,-1.0,-1.0,0.0,-68.0,-0.15000000000000002,-2.0,-1.0,3.0,0.0,-1.0,0.0,0.0,-3.0,2.0,-0.46,0.14,-0.94,-52.0,-75.0,7.0,0.0,0.02999999999999997,3.0,0.38,3.0,0.0,0.0,5.0,0.22000000000000003,4.0,0.0,-1.0,0.0,5.0,12.0,0.36000000000000004,-7.0,-0.78,3.0,0.6,-2.0,-12.0,5.0,14.0,1.25,2,2
195,-0.06,-6.0,0.0,0.0,26.0,0.030000000000000027,8.0,0.0,0.0,-2.0,-1.0,-3.0,0.0,2.0,-8.0,0.0,-0.06,-0.2,25.0,28.0,-2.0,23.0,0.51,4.0,0.33,15.0,3.0,0.0,-1.0,0.040000000000000036,1.0,3.0,-3.0,1.0,-2.0,-11.0,-0.27,9.0,0.8200000000000001,-2.0,-0.38999999999999996,0.0,8.0,2.2,3.25,3.1,1,0
