,Corners,Fouls Committed,Fouls Wons,Goals,Offsides,Pass Completion,Possesion,Red Cards,Shot Attempts,Shots Blocked,Total Passes,Total Shots on Target,Total xG,Under Pressure,Yellow Cards,fh_winner,target
0,-4.0,-1.0,3.0,-1.0,0.0,0.14900000000000002,0.248,0.0,-6.0,-3.0,115.0,-1.0,-0.80671126,0.10800000000000001,0.0,2,2
1,0.0,0.0,3.0,0.0,2.0,0.15700000000000003,0.316,0.0,-2.0,-4.0,178.0,0.0,-0.32389501899999995,-0.025999999999999995,0.0,0,1
2,1.0,0.0,1.0,0.0,0.0,-0.09699999999999998,-0.064,0.0,3.0,2.0,-35.0,3.0,-0.24752855599999987,-0.025999999999999995,-1.0,0,2
3,0.0,1.0,-2.0,1.0,-1.0,0.02299999999999991,-0.008000000000000007,0.0,0.0,2.0,-5.0,-2.0,0.722193334,0.0050000000000000044,1.0,1,1
4,0.0,0.0,0.0,-1.0,0.0,-0.11399999999999999,-0.36000000000000004,0.0,-1.0,1.0,-198.0,-2.0,-0.525874097,0.066,2.0,2,2
5,-1.0,1.0,0.0,-1.0,-2.0,0.131,0.24,0.0,-3.0,-1.0,120.0,1.0,-0.2420428299999999,-0.012999999999999998,0.0,2,1
6,2.0,-1.0,0.0,0.0,-2.0,-0.09099999999999997,-0.268,0.0,0.0,-1.0,-145.0,2.0,-0.5628356620000001,-0.040999999999999995,-1.0,0,2
7,8.0,2.0,-1.0,0.0,-1.0,0.07699999999999996,0.19199999999999995,0.0,13.0,5.0,97.0,1.0,0.853796701,-0.11699999999999999,1.0,0,2
8,2.0,0.0,0.0,-1.0,0.0,0.135,0.334,0.0,3.0,2.0,164.0,-2.0,-0.29323887300000007,-0.012999999999999998,0.0,2,2
9,1.0,0.0,1.0,0.0,-4.0,0.18500000000000005,0.37599999999999995,0.0,8.0,2.0,237.0,2.0,0.6711192790000001,-0.14100000000000001,0.0,0,1
10,1.0,-1.0,1.0,1.0,-2.0,0.06399999999999995,0.08600000000000002,0.0,-4.0,0.0,42.0,-1.0,-0.2238012259999999,-0.14600000000000002,1.0,1,1
11,0.0,2.0,2.0,1.0,-2.0,0.127,0.12599999999999995,0.0,-2.0,0.0,53.0,0.0,0.073505396,0.07200000000000001,1.0,1,1
12,1.0,-4.0,5.0,3.0,4.0,-0.006000000000000005,0.01200000000000001,0.0,2.0,2.0,6.0,-1.0,1.0577340940000002,0.06,0.0,1,2
13,-1.0,-2.0,2.0,-1.0,6.0,0.05800000000000005,0.03400000000000003,0.0,-1.0,-1.0,17.0,0.0,-0.06634326299999999,0.016,-1.0,2,2
14,-2.0,1.0,0.0,0.0,1.0,-0.08099999999999996,-0.07600000000000001,0.0,-3.0,-1.0,-42.0,1.0,-0.325794872,-0.08099999999999999,0.0,0,2
15,0.0,-1.0,3.0,-1.0,0.0,-0.19899999999999995,-0.342,0.0,2.0,5.0,-142.0,0.0,-0.5726415879999999,-0.0030000000000000027,0.0,2,2
16,1.0,1.0,-1.0,1.0,0.0,-0.02100000000000002,-0.11200000000000004,0.0,0.0,1.0,-65.0,-1.0,0.47850076799999997,-0.123,0.0,1,1
17,5.0,-2.0,2.0,0.0,0.0,0.051999999999999935,0.244,0.0,6.0,0.0,131.0,3.0,0.377005273,0.014000000000000012,-1.0,0,1
18,1.0,0.0,-1.0,-1.0,-1.0,-0.025000000000000022,-0.16999999999999998,0.0,0.0,1.0,-88.0,0.0,-0.11557979800000001,0.15700000000000003,0.0,2,2
19,1.0,0.0,2.0,1.0,0.0,0.0010000000000000009,-0.064,0.0,5.0,0.0,-34.0,2.0,1.5124787179999999,-0.161,1.0,1,1
20,-1.0,-2.0,1.0,0.0,0.0,0.02499999999999991,0.09000000000000002,0.0,-1.0,-1.0,48.0,0.0,0.09281028499999999,0.12200000000000003,1.0,0,0
21,4.0,0.0,2.0,0.0,2.0,0.07900000000000007,0.29000000000000004,0.0,9.0,5.0,132.0,2.0,0.888553764,-0.015999999999999986,-1.0,0,1
22,-5.0,-1.0,2.0,1.0,1.0,-0.07000000000000006,-0.35200000000000004,0.0,-4.0,0.0,-205.0,-2.0,0.210326134,0.062,0.0,1,0
23,3.0,1.0,-2.0,-1.0,1.0,-0.1439999999999999,-0.26,0.0,-2.0,-1.0,-129.0,-2.0,-0.570875979,-0.14400000000000002,1.0,2,2
24,1.0,0.0,-2.0,-1.0,1.0,0.14200000000000002,0.506,0.0,2.0,3.0,247.0,-1.0,-0.17153860199999998,-0.29300000000000004,0.0,2,1
25,-2.0,4.0,-4.0,1.0,-1.0,-0.124,-0.36200000000000004,0.0,2.0,-3.0,-168.0,1.0,0.18953921230000004,0.04799999999999999,3.0,1,2
26,-1.0,0.0,1.0,0.0,-1.0,-0.07599999999999996,-0.182,0.0,-9.0,-2.0,-79.0,-5.0,-1.2886852033,0.031,-1.0,0,2
27,-3.0,0.0,-3.0,0.0,0.0,-0.04800000000000004,-0.254,0.0,1.0,-1.0,-121.0,1.0,0.8704298610000001,-0.081,-2.0,0,1
28,2.0,1.0,0.0,-1.0,1.0,0.01100000000000001,0.08600000000000002,0.0,3.0,2.0,41.0,2.0,0.8974455940000002,-0.11900000000000002,0.0,2,0
29,-1.0,1.0,0.0,0.0,0.0,0.05400000000000005,0.14199999999999996,0.0,5.0,2.0,67.0,1.0,0.646876252,0.017000000000000015,0.0,0,1
30,-2.0,-1.0,0.0,0.0,1.0,0.16000000000000003,0.276,0.0,-5.0,-1.0,118.0,-2.0,-0.378866782,0.019000000000000017,1.0,0,1
31,2.0,-1.0,0.0,0.0,1.0,0.017000000000000015,0.07800000000000001,0.0,0.0,-2.0,39.0,0.0,0.1786210739999999,-0.064,1.0,0,1
32,1.0,-3.0,3.0,0.0,0.0,0.14100000000000001,0.35200000000000004,0.0,4.0,0.0,197.0,1.0,0.047410560000000004,-0.091,0.0,0,1
33,1.0,1.0,3.0,-1.0,0.0,0.08499999999999996,0.262,0.0,-1.0,0.0,122.0,2.0,-0.1652716965,-0.023999999999999994,0.0,2,2
34,1.0,0.0,-1.0,-1.0,2.0,0.052000000000000046,0.13599999999999995,0.0,3.0,1.0,72.0,0.0,0.575818106,0.05499999999999999,0.0,2,2
35,-1.0,-1.0,1.0,0.0,0.0,-0.015000000000000013,-0.12799999999999995,0.0,3.0,0.0,-55.0,1.0,0.025700757000000005,-0.06399999999999999,-1.0,0,2
36,-2.0,-1.0,-1.0,0.0,2.0,-0.16799999999999993,-0.44199999999999995,0.0,-4.0,-1.0,-230.0,-1.0,-0.3985176755000001,0.127,-1.0,0,2
37,3.0,-2.0,2.0,1.0,0.0,0.09499999999999997,0.328,0.0,0.0,2.0,166.0,-5.0,0.4316252479999999,-0.11000000000000001,-1.0,1,1
38,2.0,0.0,2.0,0.0,0.0,0.02199999999999991,0.10800000000000004,0.0,2.0,2.0,59.0,2.0,0.13163051800000003,-0.13,-1.0,0,0
39,-1.0,0.0,2.0,1.0,-2.0,0.06000000000000005,0.12799999999999995,-1.0,3.0,1.0,59.0,0.0,0.45161557500000005,-0.07399999999999998,-1.0,1,1
40,0.0,-2.0,0.0,0.0,0.0,-0.0129999999999999,0.066,0.0,4.0,0.0,28.0,3.0,0.5556634180000001,0.033,0.0,0,1
41,-3.0,1.0,-2.0,0.0,0.0,0.016000000000000014,-0.09200000000000003,0.0,-2.0,-4.0,-47.0,2.0,-0.40075344199999996,0.069,1.0,0,0
42,1.0,1.0,-1.0,0.0,-2.0,-0.08700000000000008,-0.20799999999999996,0.0,1.0,-2.0,-96.0,2.0,0.13466311,0.05100000000000002,1.0,0,2
43,4.0,0.0,-2.0,0.0,0.0,0.02200000000000002,0.11200000000000004,0.0,8.0,4.0,65.0,0.0,1.1268515610000005,-0.087,-1.0,0,1
44,1.0,0.0,0.0,0.0,1.0,0.041000000000000036,0.13799999999999996,0.0,-2.0,0.0,66.0,-1.0,0.028574093999999994,-0.177,0.0,0,2
45,0.0,2.0,-4.0,-1.0,0.0,-0.11099999999999999,-0.252,0.0,0.0,-2.0,-116.0,4.0,0.1572011009999999,-0.07,0.0,2,2
46,-3.0,0.0,-4.0,0.0,1.0,-0.1449999999999999,-0.31200000000000006,0.0,-6.0,-2.0,-119.0,0.0,0.267161482,-0.013999999999999985,1.0,0,1
47,2.0,0.0,1.0,0.0,0.0,-0.21299999999999997,-0.29200000000000004,0.0,4.0,0.0,-152.0,3.0,0.446244855,0.19799999999999998,-1.0,0,2
48,6.0,-1.0,3.0,0.0,0.0,0.26,0.6000000000000001,0.0,4.0,2.0,299.0,2.0,-0.45265547549999996,-0.07,0.0,0,0
49,-3.0,-1.0,3.0,-1.0,-1.0,0.17300000000000004,0.45999999999999996,0.0,-2.0,-1.0,277.0,2.0,-0.744736728,-0.12000000000000002,1.0,2,2
50,-1.0,1.0,-2.0,2.0,-2.0,0.03299999999999992,0.06000000000000005,0.0,4.0,1.0,27.0,3.0,1.75051354,0.006000000000000005,-1.0,1,1
51,-2.0,-4.0,1.0,0.0,1.0,-0.041000000000000036,-0.14199999999999996,0.0,2.0,0.0,-60.0,1.0,0.669563702,0.04100000000000001,1.0,0,2
52,4.0,1.0,0.0,0.0,0.0,0.11599999999999999,0.532,0.0,4.0,1.0,264.0,0.0,0.48706549600000004,-0.10100000000000003,-3.0,0,0
53,1.0,-2.0,2.0,1.0,0.0,0.04400000000000004,-0.006000000000000005,0.0,2.0,0.0,-3.0,0.0,0.630780852,0.026999999999999996,0.0,1,0
54,1.0,1.0,1.0,-1.0,-2.0,-0.11599999999999999,-0.248,0.0,-1.0,0.0,-120.0,-1.0,-0.46572089399999994,-0.01999999999999999,1.0,2,2
55,0.0,0.0,-1.0,1.0,-1.0,-0.18599999999999994,-0.262,0.0,-2.0,-3.0,-112.0,0.0,0.04081131199999988,-0.062,0.0,1,1
56,-1.0,0.0,-4.0,0.0,0.0,-0.028999999999999915,-0.08400000000000002,0.0,0.0,-2.0,-45.0,2.0,0.307655692,-0.07299999999999998,0.0,0,2
57,2.0,-1.0,-4.0,0.0,0.0,0.29499999999999993,0.326,0.0,1.0,2.0,131.0,0.0,0.290882474,-0.127,0.0,0,0
58,-1.0,-1.0,2.0,0.0,0.0,-0.358,-0.5780000000000001,0.0,-8.0,-5.0,-304.0,-1.0,-0.5846655299999999,-0.04999999999999999,0.0,0,2
59,1.0,-1.0,-1.0,2.0,3.0,-0.138,-0.238,0.0,1.0,1.0,-115.0,0.0,0.265362516,0.23099999999999998,0.0,1,1
60,0.0,0.0,0.0,1.0,-1.0,-0.028000000000000025,-0.08600000000000002,0.0,-3.0,1.0,-40.0,-1.0,0.21184996299999992,-0.029000000000000026,-1.0,1,1
61,-1.0,-5.0,4.0,0.0,1.0,0.19000000000000006,0.28200000000000003,0.0,1.0,3.0,113.0,-1.0,-0.5606243369999999,0.0040000000000000036,0.0,0,2
62,-5.0,0.0,-2.0,-1.0,0.0,-0.19999999999999996,-0.498,0.0,-7.0,-2.0,-245.0,-1.0,-0.3003472455,0.219,0.0,2,0
63,2.0,-1.0,1.0,5.0,2.0,0.08100000000000007,0.19399999999999995,0.0,4.0,1.0,75.0,1.0,2.459642341,0.020000000000000018,0.0,1,1
64,2.0,-1.0,0.0,0.0,2.0,0.0,0.066,0.0,-5.0,-4.0,35.0,-1.0,-0.20106773899999997,0.017999999999999988,-2.0,0,2
65,-4.0,1.0,0.0,0.0,1.0,-0.04799999999999993,-0.08200000000000002,0.0,-4.0,-2.0,-40.0,0.0,-0.572799259,0.0010000000000000009,0.0,0,2
66,0.0,-2.0,0.0,0.0,1.0,-0.20099999999999996,-0.328,0.0,1.0,1.0,-163.0,0.0,0.378636887,0.11400000000000002,1.0,0,1
67,0.0,1.0,-3.0,-1.0,-2.0,-0.03600000000000003,0.05800000000000005,0.0,1.0,0.0,25.0,1.0,-0.056819730999999984,0.027999999999999997,0.0,2,1
68,-3.0,2.0,0.0,-1.0,0.0,-0.05700000000000005,-0.16599999999999998,0.0,-3.0,-1.0,-91.0,0.0,-0.272122448,0.009000000000000008,0.0,2,2
69,-2.0,-1.0,2.0,0.0,0.0,-0.17200000000000004,-0.504,0.0,-3.0,-3.0,-245.0,-1.0,-0.515936008,-0.10500000000000001,2.0,0,1
70,-1.0,-1.0,3.0,0.0,-1.0,0.0010000000000000009,-0.006000000000000005,1.0,1.0,1.0,-3.0,1.0,-0.9612795580000002,-0.03199999999999999,0.0,0,2
71,-2.0,-1.0,4.0,0.0,-1.0,-0.03700000000000003,-0.18999999999999995,0.0,8.0,1.0,-99.0,1.0,0.7582011129999999,0.027999999999999997,0.0,0,1
72,1.0,1.0,-3.0,1.0,1.0,-0.051000000000000045,-0.13599999999999995,0.0,2.0,3.0,-88.0,-2.0,0.40477845100000004,0.05200000000000002,0.0,1,1
73,1.0,-1.0,0.0,0.0,0.0,-0.03400000000000003,0.03400000000000003,0.0,1.0,0.0,17.0,0.0,-0.0211613590000001,-0.08900000000000002,0.0,0,1
74,-2.0,0.0,-3.0,0.0,0.0,-0.14200000000000002,-0.30400000000000005,0.0,-2.0,1.0,-140.0,0.0,-0.308040964,0.0,-2.0,0,2
75,1.0,0.0,0.0,0.0,-1.0,-0.19199999999999995,-0.424,0.0,-4.0,1.0,-232.0,-2.0,-0.1843194119999999,0.10300000000000004,1.0,0,0
76,-3.0,-1.0,1.0,0.0,-2.0,0.07800000000000007,0.16999999999999998,0.0,-4.0,1.0,71.0,-4.0,-0.9347784240000001,-0.093,0.0,0,0
77,4.0,-1.0,0.0,0.0,0.0,0.09199999999999997,0.28600000000000003,0.0,5.0,2.0,145.0,2.0,1.150449364,-0.056999999999999995,-1.0,0,1
78,5.0,1.0,1.0,1.0,0.0,0.1289999999999999,0.46799999999999997,0.0,5.0,2.0,340.0,1.0,0.011078213000000003,-0.067,0.0,1,1
79,2.0,0.0,0.0,-2.0,0.0,-0.08000000000000007,-0.21399999999999997,0.0,-8.0,-1.0,-114.0,-1.0,-1.7234837140000003,0.15400000000000003,0.0,2,0
80,-1.0,-2.0,3.0,0.0,0.0,0.06300000000000006,0.29400000000000004,0.0,-5.0,-2.0,170.0,-2.0,-0.45902198299999997,-0.12700000000000003,-1.0,0,0
81,1.0,1.0,1.0,0.0,1.0,-0.131,-0.39999999999999997,0.0,-2.0,0.0,-260.0,0.0,-0.6304962869999999,0.056,1.0,0,2
82,3.0,-1.0,2.0,1.0,0.0,0.254,0.5760000000000001,0.0,5.0,3.0,312.0,3.0,0.723957383,-0.08800000000000002,-2.0,1,2
83,4.0,-1.0,2.0,0.0,0.0,0.07000000000000006,0.29800000000000004,0.0,8.0,2.0,190.0,2.0,0.784673427,-0.10800000000000001,0.0,0,2
84,-2.0,0.0,4.0,0.0,-1.0,0.15900000000000003,0.492,0.0,-2.0,-1.0,278.0,0.0,0.8988878954999999,-0.046,-1.0,0,0
85,0.0,0.0,-2.0,1.0,0.0,-0.050000000000000044,-0.14999999999999997,0.0,2.0,0.0,-98.0,1.0,0.16038549200000013,0.044,2.0,1,1
86,2.0,0.0,-2.0,-3.0,1.0,-0.07800000000000007,-0.30000000000000004,0.0,-3.0,-1.0,-156.0,2.0,-0.625715469,0.03799999999999999,1.0,2,2
87,1.0,0.0,0.0,1.0,0.0,-0.22599999999999998,-0.46399999999999997,0.0,-3.0,-2.0,-243.0,0.0,0.15559118900000002,0.015000000000000013,0.0,1,0
88,1.0,1.0,-1.0,0.0,-1.0,-0.20899999999999996,-0.37799999999999995,0.0,1.0,0.0,-175.0,-1.0,-0.36893886200000003,-0.037000000000000005,1.0,0,1
89,0.0,1.0,-1.0,0.0,-1.0,-0.0040000000000000036,-0.040000000000000036,0.0,2.0,-1.0,-26.0,2.0,0.7728215100000002,0.06699999999999999,0.0,0,0
90,-3.0,0.0,-1.0,0.0,0.0,-0.009000000000000008,-0.10800000000000004,0.0,-1.0,-1.0,-67.0,1.0,-0.41986700099999996,0.0,-1.0,0,2
91,0.0,0.0,0.0,-1.0,1.0,-0.136,-0.338,-1.0,0.0,1.0,-203.0,1.0,-0.041035193,-0.009000000000000008,0.0,2,2
92,-3.0,2.0,-4.0,-1.0,-1.0,-0.09299999999999997,-0.434,0.0,-13.0,-3.0,-261.0,-3.0,-2.1612299530000003,0.01999999999999999,0.0,2,2
93,2.0,1.0,-2.0,3.0,1.0,0.07999999999999996,0.19199999999999995,0.0,6.0,0.0,121.0,2.0,1.823714082,-0.043000000000000003,0.0,1,1
94,7.0,-3.0,4.0,0.0,1.0,0.04600000000000004,0.246,0.0,9.0,2.0,144.0,5.0,0.26532777399999974,-0.0050000000000000044,-1.0,0,1
95,2.0,0.0,-1.0,2.0,-1.0,0.31300000000000006,0.6619999999999999,0.0,4.0,0.0,408.0,2.0,0.2123506959999999,-0.16000000000000003,1.0,1,1
96,1.0,0.0,0.0,-2.0,-2.0,-0.17700000000000005,-0.42,0.0,-3.0,-1.0,-222.0,0.0,-1.0520683935,0.019000000000000017,0.0,2,2
97,0.0,-1.0,-2.0,1.0,0.0,0.07999999999999996,0.30400000000000005,0.0,7.0,2.0,161.0,0.0,0.48187521899999997,-0.048000000000000015,0.0,1,1
98,-2.0,-1.0,1.0,-2.0,2.0,-0.11099999999999999,-0.318,0.0,-8.0,-3.0,-196.0,-3.0,-1.83055671,0.067,0.0,2,2
99,-1.0,2.0,-1.0,2.0,0.0,-0.11099999999999999,-0.35800000000000004,0.0,2.0,0.0,-214.0,1.0,0.4060900289999999,0.02200000000000002,-2.0,1,1
100,0.0,0.0,1.0,1.0,-4.0,-0.10399999999999998,-0.36000000000000004,0.0,0.0,0.0,-232.0,0.0,0.34204064400000006,-0.025999999999999995,0.0,1,0
101,0.0,0.0,1.0,-1.0,-2.0,-0.11699999999999999,-0.314,0.0,1.0,-1.0,-200.0,3.0,0.437819898,0.09200000000000001,-1.0,2,2
102,-6.0,0.0,3.0,1.0,-1.0,-0.22499999999999998,-0.6020000000000001,0.0,-5.0,-1.0,-354.0,-2.0,0.474120298,0.109,0.0,1,1
103,-4.0,1.0,-1.0,-1.0,-3.0,-0.07300000000000006,-0.20399999999999996,0.0,-4.0,1.0,-117.0,-4.0,-0.6511187530000002,0.091,1.0,2,2
104,1.0,-1.0,3.0,2.0,4.0,0.20200000000000007,0.536,0.0,4.0,2.0,328.0,0.0,0.6230970840000001,-0.04799999999999999,-1.0,1,1
105,2.0,0.0,1.0,0.0,-1.0,0.126,0.28200000000000003,0.0,3.0,2.0,165.0,0.0,0.383803326,-0.254,1.0,0,1
106,-2.0,4.0,-4.0,-1.0,0.0,-0.05600000000000005,-0.13799999999999996,0.0,-4.0,0.0,-77.0,-2.0,-0.5555897949999999,0.08,2.0,2,2
107,2.0,0.0,1.0,1.0,0.0,0.10399999999999998,0.262,0.0,6.0,0.0,141.0,1.0,0.913836298,-0.015,-1.0,1,1
108,2.0,-1.0,3.0,2.0,-1.0,0.15500000000000003,0.5,0.0,10.0,2.0,313.0,5.0,2.0942706354999996,-0.091,0.0,1,1
109,8.0,-2.0,0.0,1.0,2.0,0.30900000000000005,0.6619999999999999,0.0,10.0,4.0,369.0,3.0,1.196025162,-0.135,0.0,1,0
110,0.0,0.0,0.0,0.0,1.0,0.11499999999999999,0.322,0.0,-1.0,0.0,190.0,1.0,0.14536200949999994,0.007999999999999993,0.0,0,1
111,0.0,2.0,1.0,-1.0,-1.0,-0.05900000000000005,-0.31200000000000006,0.0,-7.0,-4.0,-178.0,-4.0,-2.194675944,0.11399999999999999,0.0,2,2
112,0.0,-1.0,1.0,0.0,0.0,0.03700000000000003,-0.03400000000000003,0.0,1.0,-1.0,-19.0,0.0,0.8619487120000001,0.04100000000000001,0.0,0,1
113,-1.0,-1.0,0.0,3.0,0.0,0.14,0.42,0.0,4.0,1.0,231.0,1.0,1.8001552650000001,-0.127,0.0,1,1
114,1.0,-1.0,-1.0,1.0,0.0,0.246,0.6180000000000001,0.0,2.0,-1.0,403.0,0.0,-0.29899726800000004,-0.091,-1.0,1,1
115,-3.0,3.0,-4.0,-1.0,1.0,-0.15300000000000002,-0.542,0.0,-5.0,-2.0,-298.0,0.0,-0.7092294360000002,0.09699999999999999,0.0,2,0
116,-3.0,-1.0,3.0,0.0,1.0,0.03500000000000003,0.0040000000000000036,0.0,-9.0,-3.0,2.0,-3.0,-0.10414761600000011,-0.0020000000000000018,3.0,0,0
117,0.0,0.0,1.0,1.0,-1.0,-0.0040000000000000036,0.01200000000000001,0.0,-2.0,-2.0,8.0,0.0,0.0013174290000000088,0.04299999999999998,1.0,1,1
118,-3.0,0.0,-1.0,-1.0,-2.0,-0.09799999999999998,-0.434,0.0,-2.0,-2.0,-266.0,-1.0,0.09766356399999998,0.022000000000000006,1.0,2,2
119,1.0,2.0,-1.0,-1.0,-1.0,-0.11299999999999999,-0.28400000000000003,0.0,-2.0,3.0,-155.0,-4.0,-1.807115147,-0.031,-1.0,2,1
120,5.0,3.0,-2.0,3.0,2.0,0.10099999999999998,0.32,0.0,9.0,2.0,180.0,5.0,1.3191347050000002,-0.206,1.0,1,1
121,4.0,-1.0,-2.0,0.0,0.0,0.049000000000000044,0.10400000000000004,0.0,3.0,0.0,62.0,0.0,0.413128323,0.07699999999999999,0.0,0,0
122,4.0,-1.0,1.0,2.0,-2.0,0.128,0.38599999999999995,0.0,11.0,1.0,236.0,3.0,2.305959823,0.02600000000000001,0.0,1,1
123,1.0,-1.0,0.0,0.0,2.0,-0.10999999999999999,-0.45799999999999996,0.0,2.0,-1.0,-317.0,3.0,0.953777289,-0.024000000000000007,-2.0,0,1
124,6.0,0.0,0.0,-1.0,0.0,0.21799999999999997,0.5660000000000001,0.0,3.0,3.0,321.0,-1.0,0.08511944799999999,0.015000000000000013,0.0,2,2
125,0.0,-1.0,-1.0,-3.0,1.0,-0.10699999999999998,-0.274,0.0,-8.0,3.0,-153.0,-6.0,-2.068821294,0.04300000000000001,0.0,2,2
126,1.0,-1.0,1.0,0.0,2.0,0.10499999999999998,0.424,0.0,1.0,0.0,247.0,2.0,-0.29238654300000005,-0.03899999999999999,1.0,0,1
127,-2.0,-1.0,2.0,-1.0,0.0,-0.19100000000000006,-0.45799999999999996,0.0,-3.0,-1.0,-273.0,-1.0,-0.739954999,-0.00899999999999998,0.0,2,2
128,1.0,0.0,-2.0,0.0,0.0,0.05799999999999994,0.16999999999999998,0.0,3.0,-1.0,100.0,2.0,0.26172713200000003,0.11199999999999999,2.0,0,1
129,4.0,-3.0,3.0,0.0,2.0,0.17800000000000005,0.496,0.0,0.0,0.0,314.0,-2.0,-0.1889346,-0.10099999999999999,-1.0,0,1
130,1.0,2.0,-4.0,-1.0,-1.0,0.15000000000000002,0.432,0.0,3.0,-1.0,236.0,3.0,-0.6046191300000001,0.069,-1.0,2,2
131,0.0,-2.0,3.0,1.0,-1.0,0.09899999999999998,0.18799999999999994,0.0,2.0,0.0,103.0,2.0,0.805049288,-0.04100000000000001,1.0,1,1
132,0.0,3.0,-1.0,2.0,-1.0,0.11499999999999999,0.29400000000000004,0.0,7.0,2.0,148.0,2.0,0.719131832,-0.06999999999999999,-1.0,1,1
133,0.0,-2.0,2.0,-2.0,2.0,-0.14800000000000002,-0.38399999999999995,0.0,1.0,0.0,-232.0,3.0,-0.31733713300000005,0.102,-1.0,2,2
134,-2.0,1.0,-2.0,1.0,1.0,-0.20800000000000007,-0.496,0.0,-6.0,-2.0,-268.0,-4.0,-0.348237959,0.05500000000000002,1.0,1,0
135,0.0,0.0,-1.0,0.0,2.0,-0.08399999999999996,-0.258,0.0,-2.0,0.0,-156.0,-2.0,-0.096315443,0.04199999999999998,0.0,0,0
136,2.0,-1.0,-2.0,0.0,0.0,-0.016000000000000014,-0.15599999999999997,0.0,-1.0,-2.0,-112.0,-2.0,-0.3372295150000002,-0.078,1.0,0,1
137,1.0,1.0,0.0,-1.0,-3.0,-0.08299999999999996,-0.14399999999999996,0.0,1.0,-1.0,-73.0,0.0,-0.09668217600000001,-0.038000000000000006,1.0,2,2
138,-2.0,-1.0,-1.0,0.0,-3.0,-0.04700000000000004,-0.41,0.0,3.0,2.0,-210.0,0.0,-0.010397799000000152,0.09899999999999999,-1.0,0,2
139,0.0,1.0,0.0,1.0,1.0,-0.18600000000000005,-0.416,0.0,2.0,-2.0,-214.0,0.0,0.5073832380000001,0.026999999999999996,-1.0,1,1
140,-3.0,2.0,-2.0,1.0,0.0,-0.19899999999999995,-0.534,0.0,2.0,-2.0,-288.0,-1.0,0.12411313700000001,0.08100000000000002,0.0,1,2
141,-1.0,-1.0,2.0,2.0,0.0,0.28700000000000003,0.534,0.0,4.0,0.0,273.0,2.0,0.729371848,0.026999999999999996,0.0,1,1
142,1.0,4.0,-4.0,0.0,0.0,-0.10099999999999998,-0.29000000000000004,0.0,4.0,0.0,-168.0,0.0,0.26873121499999997,0.027999999999999997,0.0,0,2
143,0.0,-1.0,3.0,2.0,3.0,0.14,0.476,0.0,3.0,1.0,297.0,0.0,0.237516526,-0.164,0.0,1,1
144,4.0,-1.0,3.0,0.0,-2.0,0.21400000000000008,0.6100000000000001,0.0,7.0,3.0,392.0,2.0,0.6236957080000001,0.07599999999999998,-1.0,0,1
145,-4.0,-1.0,3.0,3.0,-1.0,0.062000000000000055,0.13199999999999995,0.0,-1.0,0.0,72.0,-2.0,0.37829742349999995,-0.010000000000000009,-1.0,1,1
146,1.0,2.0,-3.0,-1.0,-2.0,-0.17100000000000004,-0.436,0.0,0.0,1.0,-269.0,1.0,-0.13582392299999999,0.127,1.0,2,1
147,-3.0,0.0,0.0,2.0,-3.0,0.09399999999999997,0.13199999999999995,0.0,2.0,0.0,65.0,0.0,0.5433606759999999,-0.02700000000000001,0.0,1,1
148,-3.0,4.0,-6.0,0.0,1.0,-0.09999999999999998,-0.29200000000000004,0.0,-1.0,0.0,-175.0,0.0,-0.068583592,0.174,0.0,0,0
149,2.0,0.0,0.0,-3.0,0.0,-0.07599999999999996,-0.254,0.0,-2.0,-1.0,-147.0,-3.0,-0.9165700959999998,-0.044999999999999984,0.0,2,2
150,0.0,-3.0,1.0,1.0,-1.0,-0.12,-0.25,0.0,2.0,1.0,-134.0,-2.0,0.398749117,-0.183,-1.0,1,2
151,0.0,2.0,-2.0,2.0,2.0,0.06099999999999994,0.186,0.0,1.0,0.0,101.0,0.0,0.486868074,-0.0030000000000000027,0.0,1,1
152,-2.0,-1.0,-1.0,-1.0,-1.0,-0.19300000000000006,-0.6000000000000001,0.0,0.0,-1.0,-328.0,-3.0,-0.12316488149999993,0.151,-2.0,2,2
153,-1.0,-2.0,4.0,1.0,-1.0,0.123,0.21799999999999997,0.0,5.0,4.0,131.0,1.0,1.115414717,0.04200000000000001,-2.0,1,1
154,-2.0,0.0,1.0,-2.0,-2.0,-0.018000000000000016,0.12000000000000005,0.0,2.0,3.0,67.0,-1.0,-0.3557435310000001,0.092,0.0,2,2
155,1.0,1.0,-1.0,0.0,-1.0,-0.119,-0.28400000000000003,0.0,1.0,-1.0,-158.0,1.0,0.355747059,-0.054000000000000006,0.0,0,0
156,3.0,1.0,-3.0,1.0,3.0,0.0020000000000000018,0.15799999999999997,0.0,3.0,1.0,94.0,1.0,-0.2143791690000001,-0.097,-1.0,1,1
157,2.0,0.0,1.0,0.0,0.0,0.20999999999999996,0.56,0.0,10.0,0.0,308.0,3.0,1.137953321,-0.07,-1.0,0,1
158,4.0,0.0,1.0,-1.0,0.0,0.118,0.37000000000000005,0.0,3.0,1.0,212.0,1.0,-0.42269939899999986,-0.032,2.0,2,0
159,1.0,-3.0,4.0,1.0,0.0,0.20999999999999996,0.416,0.0,5.0,0.0,238.0,1.0,0.51579177,0.12200000000000001,-2.0,1,1
160,3.0,-2.0,1.0,0.0,0.0,0.08200000000000007,0.29400000000000004,0.0,4.0,1.0,195.0,3.0,0.8877689815,-0.127,-1.0,0,1
161,2.0,2.0,-2.0,-2.0,0.0,0.016000000000000014,0.13599999999999995,0.0,0.0,3.0,69.0,-1.0,-0.4348005720000001,0.033,0.0,2,2
162,2.0,-1.0,0.0,0.0,0.0,0.139,0.36200000000000004,0.0,13.0,2.0,203.0,8.0,1.4096041420000005,-0.05400000000000002,1.0,0,1
163,6.0,-1.0,1.0,1.0,1.0,0.132,0.482,0.0,3.0,-1.0,306.0,1.0,0.218743552,-0.067,-1.0,1,1
164,-1.0,0.0,1.0,-1.0,-2.0,-0.03399999999999992,-0.12999999999999995,0.0,4.0,2.0,-67.0,1.0,0.11408866399999995,-0.202,-2.0,2,2
165,-2.0,0.0,2.0,0.0,0.0,-0.276,-0.6200000000000001,0.0,-8.0,-4.0,-352.0,-3.0,-0.728192007,0.010999999999999996,0.0,0,2
166,1.0,-2.0,2.0,0.0,1.0,0.14400000000000002,0.332,0.0,9.0,2.0,180.0,4.0,0.17926599,-0.0050000000000000044,-1.0,0,1
167,1.0,0.0,-1.0,0.0,-5.0,-0.13,-0.16399999999999998,0.0,5.0,-1.0,-88.0,4.0,-0.14840342949999996,-0.05199999999999999,0.0,0,0
168,-1.0,-1.0,2.0,1.0,4.0,0.08999999999999997,0.20799999999999996,0.0,-4.0,-2.0,121.0,0.0,0.25757526,0.126,0.0,1,1
169,6.0,-2.0,-1.0,0.0,3.0,0.10099999999999998,0.36600000000000005,0.0,4.0,0.0,177.0,2.0,0.886680686,-0.09599999999999997,0.0,0,1
170,4.0,0.0,0.0,-2.0,-2.0,-0.07999999999999996,-0.18999999999999995,0.0,0.0,3.0,-92.0,2.0,-0.15240017299999986,-0.097,-1.0,2,2
171,1.0,0.0,3.0,1.0,-1.0,0.404,0.702,0.0,2.0,1.0,435.0,3.0,0.49083416300000016,-0.065,-1.0,1,1
172,-1.0,-4.0,4.0,-1.0,-2.0,0.18899999999999995,0.338,0.0,3.0,-1.0,177.0,3.0,0.47301990400000005,-0.20900000000000002,0.0,2,0
173,1.0,2.0,-2.0,0.0,0.0,0.139,0.40399999999999997,1.0,1.0,0.0,250.0,2.0,-0.0688030879999999,0.016,0.0,0,0
174,1.0,3.0,-3.0,-1.0,-2.0,-0.04700000000000004,-0.176,0.0,0.0,1.0,-96.0,-1.0,-0.32259873900000025,-0.07600000000000004,0.0,2,0
175,-4.0,0.0,1.0,1.0,1.0,-0.09899999999999998,-0.34400000000000003,0.0,-1.0,0.0,-201.0,-1.0,-0.19874392500000004,0.24400000000000002,1.0,1,2
176,1.0,0.0,0.0,0.0,-1.0,-0.15400000000000003,-0.516,0.0,2.0,0.0,-339.0,1.0,1.116852621,0.07500000000000001,1.0,0,0
177,-1.0,2.0,-5.0,-1.0,-1.0,-0.04400000000000004,-0.06000000000000005,0.0,4.0,4.0,-30.0,-1.0,-0.7857380555000002,0.05300000000000002,-1.0,2,2
178,-4.0,2.0,-5.0,0.0,1.0,-0.18599999999999994,-0.46199999999999997,0.0,-5.0,-1.0,-229.0,0.0,-0.56505901,0.207,0.0,0,2
179,2.0,1.0,-2.0,0.0,-1.0,0.15500000000000003,0.40199999999999997,0.0,5.0,3.0,209.0,-1.0,0.38429784,-0.033,0.0,0,1
180,2.0,1.0,-3.0,1.0,1.0,0.07999999999999996,0.236,0.0,8.0,2.0,136.0,1.0,1.1942285629999998,0.172,0.0,1,1
181,0.0,0.0,0.0,3.0,1.0,0.05400000000000005,0.18999999999999995,0.0,4.0,0.0,116.0,-2.0,1.93300265,0.04299999999999998,-1.0,1,1
182,2.0,-3.0,3.0,2.0,0.0,0.08099999999999996,0.12999999999999995,0.0,-3.0,-2.0,68.0,-1.0,0.5728570110000002,-0.10499999999999998,0.0,1,1
183,1.0,2.0,-4.0,0.0,1.0,-0.0040000000000000036,0.05400000000000005,0.0,4.0,0.0,29.0,1.0,0.13448772499999995,-0.10400000000000001,-1.0,0,2
184,-2.0,0.0,2.0,2.0,0.0,0.23099999999999998,0.486,0.0,7.0,0.0,236.0,4.0,0.752106685,-0.10499999999999998,-2.0,1,1
185,1.0,0.0,-1.0,2.0,-1.0,0.15800000000000003,0.236,0.0,12.0,1.0,124.0,8.0,1.531516228,-0.12999999999999998,-1.0,1,1
186,1.0,2.0,-1.0,0.0,-3.0,-0.04599999999999993,-0.16999999999999998,0.0,-1.0,0.0,-93.0,-1.0,-0.16446042299999997,-0.119,-1.0,0,2
187,3.0,1.0,0.0,0.0,1.0,-0.018000000000000016,-0.09200000000000003,0.0,3.0,2.0,-52.0,0.0,0.225964406,-0.175,2.0,0,1
188,4.0,2.0,-1.0,-1.0,-2.0,-0.026000000000000023,-0.008000000000000007,0.0,4.0,0.0,-4.0,1.0,-0.7084630740000001,-0.194,0.0,2,2
189,-1.0,0.0,4.0,1.0,0.0,0.08499999999999996,0.332,0.0,-6.0,-4.0,180.0,-3.0,-0.5718385089999998,-0.273,0.0,1,1
190,1.0,-1.0,1.0,0.0,2.0,-0.0030000000000000027,0.16999999999999998,1.0,-5.0,0.0,100.0,-2.0,-1.104498221,-0.166,-1.0,0,0
191,-1.0,1.0,-1.0,-1.0,1.0,-0.08600000000000008,-0.29000000000000004,0.0,-5.0,-2.0,-142.0,-2.0,-0.535239575,0.056999999999999995,1.0,2,2
192,3.0,-2.0,1.0,2.0,-1.0,0.28,0.472,0.0,7.0,1.0,246.0,2.0,1.348335391,-0.188,0.0,1,1
193,0.0,0.0,0.0,2.0,-1.0,0.14600000000000002,0.40199999999999997,0.0,2.0,-1.0,210.0,2.0,1.1622946754999999,-0.019000000000000003,0.0,1,1
194,-2.0,0.0,-1.0,0.0,2.0,-0.248,-0.434,0.0,-4.0,0.0,-205.0,-1.0,-0.23510202699999988,0.13900000000000004,-1.0,0,0
195,3.0,-1.0,-1.0,0.0,1.0,0.07499999999999996,0.28400000000000003,0.0,3.0,2.0,176.0,2.0,-0.433991394,-0.044999999999999984,1.0,0,0
196,-1.0,4.0,-6.0,1.0,3.0,-0.04499999999999993,-0.15199999999999997,0.0,-2.0,1.0,-76.0,-4.0,0.030980468499999914,-0.008999999999999994,1.0,1,0
197,-3.0,-1.0,1.0,0.0,1.0,-0.17699999999999994,-0.542,0.0,-3.0,1.0,-323.0,-6.0,-0.20095476999999998,0.195,2.0,0,0
198,1.0,-4.0,2.0,0.0,-1.0,0.28,0.52,0.0,0.0,1.0,298.0,0.0,0.04949108399999991,-0.16999999999999998,-1.0,0,0
199,-2.0,2.0,-3.0,0.0,0.0,-0.07999999999999996,-0.39599999999999996,0.0,1.0,0.0,-230.0,1.0,0.1968546209999999,0.017999999999999988,-1.0,0,2
200,0.0,1.0,0.0,1.0,-1.0,0.040000000000000036,0.16199999999999998,0.0,10.0,3.0,94.0,1.0,1.204139717,-0.03799999999999999,0.0,1,1
201,-1.0,-2.0,0.0,1.0,-3.0,0.122,0.324,0.0,-1.0,0.0,189.0,0.0,0.427705127,-0.11199999999999999,-3.0,1,1
202,-2.0,1.0,-3.0,0.0,-5.0,-0.123,-0.338,0.0,-4.0,0.0,-159.0,-3.0,-0.38985247999999995,0.046999999999999986,2.0,0,2
203,-1.0,0.0,1.0,-1.0,2.0,-0.061999999999999944,-0.10000000000000003,0.0,2.0,1.0,-42.0,-3.0,-0.46427295249999995,-0.05499999999999999,2.0,2,0
204,3.0,-1.0,0.0,1.0,-1.0,0.07599999999999996,0.32,0.0,7.0,3.0,175.0,3.0,0.568876081,-0.249,0.0,1,1
205,-2.0,3.0,-4.0,-1.0,1.0,-0.07399999999999995,-0.30600000000000005,0.0,-3.0,-1.0,-179.0,-1.0,0.4592723770000001,-0.08199999999999999,1.0,2,2
206,1.0,-1.0,-1.0,3.0,0.0,0.10899999999999999,0.252,0.0,4.0,2.0,110.0,0.0,1.4448804819999999,0.056999999999999995,0.0,1,1
207,0.0,-7.0,6.0,1.0,0.0,-0.136,-0.40399999999999997,0.0,-2.0,-3.0,-240.0,1.0,0.16332983799999998,-0.02999999999999997,0.0,1,0
208,4.0,-3.0,2.0,-1.0,0.0,0.266,0.5720000000000001,0.0,2.0,1.0,287.0,0.0,-0.19009293000000005,-0.06799999999999998,-2.0,2,1
209,-1.0,4.0,-4.0,1.0,1.0,-0.22099999999999997,-0.44799999999999995,0.0,5.0,2.0,-250.0,0.0,0.757409036,0.161,0.0,1,2
210,-1.0,-3.0,2.0,0.0,0.0,0.05400000000000005,0.29800000000000004,0.0,1.0,2.0,155.0,-1.0,0.08554293700000004,-0.186,-1.0,0,1
211,1.0,0.0,1.0,-1.0,-1.0,-0.17799999999999994,-0.338,0.0,4.0,1.0,-170.0,2.0,-0.5367836479999999,0.15100000000000002,-1.0,2,2
212,-6.0,3.0,-4.0,0.0,1.0,-0.276,-0.5840000000000001,0.0,-7.0,-1.0,-287.0,-6.0,-1.0122491120000001,0.26,-1.0,0,2
213,4.0,-1.0,-1.0,2.0,1.0,0.11699999999999999,0.29800000000000004,0.0,10.0,3.0,164.0,5.0,2.513312954,-0.281,-1.0,1,1
214,2.0,-1.0,2.0,1.0,-1.0,-0.029000000000000026,-0.07800000000000001,0.0,4.0,0.0,-42.0,3.0,-0.3153571300000001,-0.16999999999999998,0.0,1,2
215,1.0,-1.0,-1.0,0.0,2.0,-0.06799999999999995,-0.16199999999999998,0.0,-1.0,-2.0,-82.0,1.0,1.245602868,-0.05499999999999999,0.0,0,0
216,-1.0,1.0,-2.0,0.0,0.0,-0.029999999999999916,0.050000000000000044,0.0,5.0,2.0,25.0,0.0,0.46319415799999997,0.013999999999999999,-1.0,0,2
217,-2.0,9.0,-9.0,0.0,-1.0,-0.279,-0.5780000000000001,0.0,-9.0,1.0,-307.0,-3.0,-1.816915083,-0.008000000000000007,1.0,0,2
218,0.0,-1.0,0.0,0.0,3.0,-0.038000000000000034,-0.16399999999999998,0.0,2.0,-1.0,-92.0,6.0,0.1779418319999999,-0.132,0.0,0,2
219,-1.0,-1.0,-1.0,-3.0,0.0,-0.10199999999999998,-0.10200000000000004,0.0,4.0,2.0,-50.0,2.0,-1.5941955349999999,0.04600000000000001,1.0,2,2
220,4.0,-1.0,-1.0,-1.0,1.0,0.15100000000000002,0.43,0.0,3.0,1.0,232.0,0.0,0.18691434499999998,-0.013999999999999985,0.0,2,2
221,2.0,0.0,1.0,-1.0,-2.0,-0.14,-0.37400000000000005,0.0,-2.0,0.0,-198.0,2.0,-0.6338767390000001,0.032,0.0,2,2
222,4.0,0.0,-1.0,1.0,-1.0,0.133,0.45399999999999996,0.0,6.0,3.0,276.0,3.0,0.38169388600000004,-0.08499999999999999,0.0,1,0
223,3.0,-4.0,-1.0,2.0,2.0,0.15599999999999992,0.37400000000000005,0.0,9.0,6.0,190.0,1.0,1.2541494790000003,-0.023000000000000007,-1.0,1,1
224,4.0,2.0,-5.0,0.0,0.0,-0.09499999999999997,-0.422,0.0,6.0,2.0,-204.0,1.0,0.11358698299999992,-0.126,-1.0,0,0
225,-1.0,-1.0,2.0,-2.0,-3.0,-0.08499999999999996,-0.20999999999999996,0.0,-1.0,-1.0,-118.0,2.0,-1.1652557259999998,0.132,-1.0,2,2
226,-1.0,0.0,0.0,0.0,0.0,-0.123,-0.38199999999999995,0.0,-7.0,-3.0,-213.0,-3.0,-0.38797985,-0.026999999999999996,0.0,0,0
227,3.0,-2.0,1.0,2.0,-1.0,0.19600000000000006,0.522,0.0,6.0,2.0,312.0,1.0,1.092772904,-0.103,0.0,1,1
228,2.0,-6.0,7.0,0.0,-1.0,0.16900000000000004,0.46199999999999997,-1.0,5.0,3.0,207.0,-1.0,0.7109981909999998,0.019000000000000017,-3.0,0,1
229,1.0,4.0,-3.0,-1.0,0.0,-0.19599999999999995,-0.39599999999999996,0.0,-4.0,1.0,-204.0,-2.0,-0.862443119,0.155,0.0,2,2
230,-1.0,3.0,-3.0,1.0,1.0,-0.19099999999999995,-0.40199999999999997,0.0,-2.0,-2.0,-216.0,1.0,0.14225839399999995,0.153,2.0,1,1
231,-6.0,2.0,-2.0,-2.0,0.0,-0.23099999999999998,-0.562,0.0,-10.0,-5.0,-306.0,-2.0,-1.4060299715,-0.0040000000000000036,-1.0,2,2
232,4.0,-4.0,1.0,1.0,4.0,0.04800000000000004,0.174,0.0,11.0,1.0,87.0,4.0,1.5097645279999998,0.015999999999999986,1.0,1,1
233,-1.0,-2.0,3.0,2.0,0.0,0.05699999999999994,0.12599999999999995,0.0,-2.0,1.0,62.0,-3.0,-0.28275405599999986,0.03,-1.0,1,1
234,-1.0,0.0,0.0,-1.0,1.0,-0.16499999999999992,-0.326,0.0,-4.0,-1.0,-160.0,1.0,-1.2809704929999999,-0.22899999999999998,1.0,2,2
235,0.0,-1.0,2.0,1.0,2.0,0.12,0.35000000000000003,0.0,3.0,2.0,178.0,0.0,1.002288179,-0.21799999999999997,-2.0,1,1
236,2.0,-1.0,1.0,3.0,-2.0,0.10899999999999999,0.248,0.0,7.0,2.0,142.0,1.0,0.46046874600000004,-0.05399999999999999,0.0,1,1
237,3.0,0.0,4.0,-1.0,4.0,0.237,0.45599999999999996,0.0,-1.0,-1.0,216.0,1.0,0.15554251799999985,0.033,-1.0,2,1
238,0.0,0.0,-3.0,0.0,0.0,0.04799999999999993,0.11000000000000004,0.0,-2.0,1.0,59.0,-3.0,-0.155774572,-0.14,0.0,0,0
239,-2.0,1.0,3.0,1.0,1.0,-0.16199999999999992,-0.30600000000000005,0.0,-2.0,-1.0,-158.0,-2.0,-0.392351566,0.11699999999999999,2.0,1,1
240,1.0,-2.0,1.0,2.0,-2.0,0.031000000000000028,0.07,0.0,-3.0,-1.0,38.0,-3.0,0.8887862849999998,-0.056999999999999995,0.0,1,1
241,0.0,1.0,-3.0,0.0,0.0,-0.16799999999999993,-0.29400000000000004,0.0,-3.0,-2.0,-169.0,0.0,0.029824932999999998,-0.03899999999999998,1.0,0,2
242,2.0,-3.0,3.0,1.0,0.0,0.125,0.37200000000000005,0.0,7.0,3.0,217.0,0.0,0.8421609819999999,-0.136,0.0,1,1
243,3.0,1.0,-2.0,0.0,1.0,-0.10400000000000009,-0.15999999999999998,0.0,1.0,3.0,-67.0,-2.0,0.025293827999999907,-0.125,0.0,0,2
244,6.0,-4.0,3.0,2.0,-1.0,0.1050000000000001,0.12400000000000005,0.0,11.0,4.0,65.0,4.0,1.1620474440000002,0.06,-1.0,1,1
245,6.0,2.0,2.0,0.0,-1.0,0.052000000000000046,0.038000000000000034,0.0,7.0,-1.0,18.0,3.0,0.763969915,0.017999999999999988,0.0,0,0
246,1.0,-1.0,-1.0,2.0,1.0,0.14100000000000001,0.38799999999999996,0.0,7.0,2.0,195.0,0.0,-0.08617754499999997,-0.045000000000000005,-2.0,1,1
247,1.0,-1.0,1.0,3.0,0.0,0.08899999999999997,0.34400000000000003,0.0,9.0,0.0,189.0,3.0,1.875470653,-0.043,0.0,1,1
248,1.0,-1.0,0.0,1.0,-1.0,0.135,0.414,0.0,4.0,4.0,247.0,-1.0,0.8405162429999999,-0.16699999999999998,0.0,1,1
249,6.0,-3.0,1.0,0.0,-1.0,0.19699999999999995,0.426,0.0,6.0,3.0,231.0,2.0,0.316759509,0.0050000000000000044,-1.0,0,1
250,4.0,-3.0,4.0,3.0,-1.0,0.20499999999999996,0.504,0.0,8.0,1.0,245.0,1.0,2.1264482620000003,-0.040999999999999995,-2.0,1,1
251,0.0,-1.0,3.0,0.0,0.0,-0.21199999999999997,-0.44399999999999995,1.0,-2.0,0.0,-208.0,0.0,-0.14311035,0.006000000000000005,0.0,0,2
252,-1.0,1.0,-4.0,0.0,0.0,0.138,0.334,0.0,1.0,0.0,176.0,0.0,-0.03191715099999992,-0.07200000000000001,1.0,0,2
253,-1.0,3.0,-1.0,-2.0,-1.0,-0.19800000000000006,-0.36400000000000005,0.0,2.0,1.0,-211.0,1.0,-0.0041019330000000576,0.14900000000000002,1.0,2,2
254,-2.0,-3.0,3.0,1.0,0.0,0.14100000000000001,0.38199999999999995,-1.0,1.0,2.0,191.0,0.0,0.281344729,-0.123,-3.0,1,1
255,-3.0,0.0,0.0,-2.0,-2.0,-0.03600000000000003,-0.08600000000000002,1.0,-6.0,-3.0,-36.0,1.0,-0.911933941,-0.07600000000000001,0.0,2,2
256,2.0,-2.0,3.0,1.0,0.0,0.23199999999999998,0.40599999999999997,0.0,3.0,0.0,221.0,0.0,0.530756994,0.046999999999999986,-1.0,1,1
257,3.0,2.0,-3.0,0.0,-1.0,-0.14900000000000002,-0.35400000000000004,0.0,6.0,3.0,-165.0,0.0,-0.935146204,0.043,0.0,0,2
258,5.0,-4.0,4.0,1.0,0.0,0.17900000000000005,0.35000000000000003,0.0,5.0,1.0,161.0,1.0,0.7755933550000003,0.065,-2.0,1,1
259,0.0,-2.0,2.0,1.0,-1.0,0.17200000000000004,0.424,0.0,2.0,2.0,229.0,-2.0,0.37538778400000006,-0.05099999999999999,-1.0,1,1
260,5.0,-6.0,9.0,0.0,-1.0,0.265,0.38999999999999996,0.0,7.0,1.0,172.0,5.0,0.3886643340000001,0.07400000000000001,-1.0,0,1
261,0.0,1.0,2.0,0.0,2.0,-0.236,-0.496,0.0,-4.0,-2.0,-261.0,-1.0,-1.063147266,-0.185,0.0,0,2
262,-2.0,1.0,-2.0,0.0,0.0,-0.19499999999999995,-0.322,0.0,-5.0,-2.0,-173.0,-1.0,-0.924449182,0.011999999999999997,-1.0,0,0
263,2.0,-1.0,1.0,1.0,-1.0,0.19099999999999995,0.39399999999999996,0.0,10.0,1.0,201.0,2.0,0.5803382380000001,0.069,-1.0,1,0
264,1.0,1.0,-2.0,2.0,2.0,0.04400000000000004,0.19199999999999995,0.0,2.0,-1.0,98.0,2.0,0.930639021,0.037000000000000005,-2.0,1,1
265,-1.0,-1.0,0.0,-1.0,0.0,-0.30800000000000005,-0.6140000000000001,0.0,-6.0,0.0,-315.0,-4.0,-0.44330423500000005,0.043999999999999984,0.0,2,2
266,-3.0,2.0,-1.0,-2.0,-1.0,-0.252,-0.44599999999999995,0.0,-6.0,1.0,-193.0,-4.0,-1.333182423,0.063,-1.0,2,2
267,-1.0,-2.0,2.0,1.0,2.0,-0.19599999999999995,-0.45999999999999996,0.0,-2.0,0.0,-253.0,-2.0,-0.38115457899999994,0.001999999999999974,0.0,1,1
268,0.0,0.0,0.0,-2.0,0.0,-0.051000000000000045,-0.246,0.0,-3.0,-1.0,-140.0,2.0,-0.8880671030000001,-0.07100000000000001,1.0,2,2
269,-2.0,3.0,-5.0,0.0,-3.0,-0.30300000000000005,-0.46799999999999997,0.0,-2.0,0.0,-202.0,0.0,-0.13740241,0.072,2.0,0,0
270,2.0,-1.0,0.0,2.0,1.0,0.23299999999999998,0.5,-1.0,9.0,0.0,260.0,0.0,1.7499916089999998,0.040999999999999995,0.0,1,1
271,6.0,1.0,-1.0,2.0,0.0,0.127,0.36400000000000005,0.0,7.0,-1.0,176.0,2.0,2.625336317,-0.11199999999999999,-1.0,1,1
272,4.0,4.0,-1.0,-2.0,-2.0,-0.135,-0.45799999999999996,0.0,-1.0,-1.0,-278.0,0.0,-0.9949845300000001,-0.121,1.0,2,2
273,-2.0,-5.0,6.0,1.0,2.0,0.19599999999999995,0.37599999999999995,0.0,3.0,1.0,162.0,1.0,1.823786376,-0.015000000000000013,-1.0,1,1
274,-4.0,0.0,0.0,0.0,1.0,-0.122,-0.40399999999999997,0.0,-2.0,-1.0,-218.0,-2.0,-0.69407676,0.07900000000000001,1.0,0,2
275,0.0,-1.0,-1.0,0.0,1.0,-0.14500000000000002,-0.37599999999999995,0.0,4.0,1.0,-177.0,0.0,0.30300798000000007,0.178,0.0,0,2
276,1.0,-1.0,1.0,0.0,0.0,0.19899999999999995,0.39999999999999997,0.0,1.0,0.0,218.0,2.0,-0.57467527,-0.169,-1.0,0,1
277,0.0,0.0,-1.0,-2.0,0.0,-0.10699999999999998,-0.242,0.0,-8.0,-3.0,-155.0,0.0,-1.552874852,0.009000000000000008,0.0,2,2
278,-3.0,0.0,-1.0,2.0,2.0,-0.01200000000000001,-0.040000000000000036,0.0,5.0,0.0,-21.0,-2.0,0.36537300800000005,-0.0040000000000000036,-1.0,1,1
279,1.0,-2.0,-1.0,-1.0,0.0,-0.014000000000000012,-0.12599999999999995,0.0,3.0,2.0,-64.0,-2.0,-1.3157854555,0.082,-1.0,2,2
280,3.0,-1.0,2.0,0.0,-1.0,0.124,0.37999999999999995,0.0,11.0,4.0,204.0,3.0,0.9605466550000001,-0.098,-1.0,0,1
281,-1.0,-1.0,4.0,0.0,1.0,0.08800000000000008,0.19799999999999995,0.0,1.0,0.0,87.0,0.0,-0.310092071,-0.149,-3.0,0,1
282,4.0,1.0,-3.0,-1.0,1.0,0.14900000000000002,0.38599999999999995,0.0,10.0,5.0,193.0,4.0,1.307405495,-0.02099999999999999,0.0,2,0
283,2.0,-2.0,4.0,1.0,0.0,0.16000000000000003,0.424,0.0,5.0,2.0,239.0,2.0,0.693418969,0.034,-1.0,1,1
284,-1.0,0.0,0.0,0.0,-1.0,-0.22999999999999998,-0.432,0.0,-3.0,-2.0,-220.0,1.0,-0.327842916,0.08399999999999999,0.0,0,0
285,0.0,-4.0,4.0,5.0,-1.0,0.254,0.562,0.0,9.0,1.0,312.0,-1.0,1.36010857,0.045999999999999985,0.0,1,1
286,7.0,0.0,0.0,3.0,0.0,0.09899999999999998,0.508,0.0,2.0,0.0,269.0,-1.0,1.135068919,-0.003999999999999997,-1.0,1,1
287,-1.0,-2.0,5.0,1.0,0.0,0.01200000000000001,0.12400000000000005,0.0,0.0,2.0,62.0,-1.0,0.7735405240000001,0.068,0.0,1,1
288,-2.0,0.0,0.0,0.0,0.0,0.031000000000000028,0.09600000000000003,0.0,-2.0,-1.0,48.0,-1.0,0.18273812,-0.08300000000000002,-2.0,0,1
289,-1.0,-1.0,2.0,1.0,0.0,0.21299999999999997,0.5700000000000001,0.0,9.0,1.0,355.0,4.0,0.900514051,-0.16599999999999998,0.0,1,0
290,1.0,0.0,-2.0,0.0,0.0,-0.25,-0.48,0.0,-7.0,-3.0,-269.0,0.0,-1.196076945,-0.061,0.0,0,0
291,1.0,-5.0,4.0,0.0,1.0,0.11199999999999999,0.30200000000000005,0.0,5.0,1.0,180.0,2.0,1.082921197,0.0020000000000000018,-1.0,0,1
292,0.0,-3.0,6.0,0.0,1.0,0.08700000000000008,0.272,0.0,4.0,-1.0,126.0,5.0,0.835001091,0.061,-1.0,0,2
293,4.0,-4.0,5.0,0.0,-1.0,0.32700000000000007,0.6120000000000001,0.0,8.0,2.0,324.0,2.0,0.3865315829999999,-0.05499999999999999,0.0,0,1
294,-5.0,2.0,-5.0,-2.0,1.0,-0.238,-0.476,0.0,-11.0,-5.0,-261.0,-3.0,-1.3372923070000002,0.069,0.0,2,2
295,4.0,-2.0,3.0,1.0,-1.0,0.16100000000000003,0.338,0.0,3.0,0.0,160.0,0.0,0.262551151,-0.182,1.0,1,1
296,-4.0,0.0,0.0,0.0,-1.0,-0.19300000000000006,-0.486,0.0,-8.0,0.0,-250.0,-3.0,-0.14316702399999992,0.056,-1.0,0,2
297,-3.0,0.0,1.0,0.0,-1.0,-0.02400000000000002,-0.19399999999999995,0.0,4.0,1.0,-104.0,2.0,0.4851058827000002,0.069,-4.0,0,1
298,2.0,1.0,-4.0,-2.0,-4.0,-0.08300000000000007,-0.20599999999999996,0.0,-1.0,1.0,-95.0,1.0,-0.412238748,0.136,1.0,2,2
299,5.0,-3.0,4.0,-1.0,0.0,0.19399999999999995,0.428,0.0,0.0,1.0,213.0,0.0,-0.8438080269999999,0.07799999999999999,1.0,2,2
300,2.0,-3.0,3.0,0.0,-1.0,0.21399999999999997,0.36200000000000004,0.0,5.0,0.0,171.0,3.0,1.0333527630000001,-0.065,-3.0,0,1
301,1.0,1.0,-1.0,2.0,-1.0,0.20399999999999996,0.39999999999999997,0.0,10.0,1.0,196.0,3.0,2.3062130640000005,-0.086,-2.0,1,1
302,-2.0,6.0,-6.0,0.0,0.0,-0.30399999999999994,-0.528,0.0,-7.0,-4.0,-262.0,0.0,-0.3274274319999999,0.126,1.0,0,0
303,5.0,0.0,4.0,0.0,3.0,0.19599999999999995,0.39599999999999996,0.0,8.0,3.0,202.0,1.0,1.515993891,-0.09599999999999999,-2.0,0,1
304,1.0,2.0,-3.0,-1.0,1.0,-0.20299999999999996,-0.38999999999999996,0.0,1.0,1.0,-198.0,3.0,-0.001949351000000002,0.18300000000000002,5.0,2,2
305,1.0,0.0,-1.0,-1.0,-2.0,-0.09900000000000009,-0.22599999999999998,0.0,0.0,1.0,-96.0,-1.0,-1.090583439,0.038000000000000006,0.0,2,2
306,2.0,2.0,-2.0,0.0,1.0,-0.348,-0.5760000000000001,0.0,-6.0,-2.0,-310.0,-3.0,-0.18595076250000012,0.068,0.0,0,2
307,3.0,-3.0,2.0,0.0,3.0,0.252,0.5660000000000001,0.0,4.0,0.0,338.0,2.0,0.599669783,-0.02100000000000002,-1.0,0,1
308,-2.0,1.0,0.0,-2.0,-1.0,-0.16100000000000003,-0.46399999999999997,0.0,-4.0,0.0,-282.0,-2.0,-1.238829107,0.139,0.0,2,2
309,0.0,-2.0,7.0,1.0,-1.0,0.11399999999999999,0.29400000000000004,0.0,-5.0,-4.0,142.0,-2.0,-0.955185836,0.173,-1.0,1,1
310,-1.0,4.0,-3.0,0.0,0.0,-0.08799999999999997,-0.436,0.0,5.0,0.0,-244.0,1.0,-0.147147129,0.10899999999999999,-1.0,0,2
311,6.0,0.0,-2.0,1.0,-1.0,0.17400000000000004,0.472,0.0,4.0,1.0,285.0,2.0,0.9619507653,0.009000000000000008,0.0,1,1
312,-2.0,3.0,-3.0,-2.0,-2.0,-0.14800000000000002,-0.554,0.0,-5.0,0.0,-350.0,-2.0,-0.994457256,0.0050000000000000044,1.0,2,2
313,3.0,-2.0,2.0,1.0,2.0,0.2220000000000001,0.6020000000000001,1.0,4.0,1.0,340.0,2.0,0.314773752,0.010000000000000009,0.0,1,1
314,3.0,1.0,-4.0,1.0,0.0,-0.246,-0.424,0.0,-5.0,0.0,-178.0,-4.0,-0.580088981,0.04500000000000001,2.0,1,2
315,-3.0,-5.0,4.0,2.0,0.0,0.27,0.498,0.0,7.0,-1.0,252.0,4.0,1.5518106649999999,-0.094,0.0,1,1
316,1.0,1.0,0.0,-2.0,-1.0,-0.22099999999999997,-0.36800000000000005,0.0,-3.0,-2.0,-192.0,1.0,-0.6572603919999997,-0.015,0.0,2,2
317,1.0,3.0,-4.0,-1.0,-1.0,-0.28,-0.412,0.0,-2.0,-2.0,-226.0,0.0,-1.223333824,-0.04299999999999998,1.0,2,2
318,2.0,4.0,-5.0,0.0,3.0,-0.10799999999999998,-0.19799999999999995,0.0,0.0,0.0,-100.0,-1.0,0.0222209490000001,-0.093,1.0,0,2
319,-4.0,2.0,-3.0,-2.0,0.0,-0.246,-0.534,1.0,-5.0,-1.0,-269.0,1.0,-2.062636049,-0.0010000000000000009,-1.0,2,2
320,-1.0,5.0,-8.0,-1.0,0.0,-0.17100000000000004,-0.44999999999999996,0.0,-4.0,-1.0,-266.0,-3.0,-0.432032238,0.0030000000000000027,1.0,2,0
321,1.0,-1.0,3.0,1.0,2.0,0.15800000000000003,0.36200000000000004,0.0,-1.0,0.0,211.0,-1.0,1.0379017569999995,0.007000000000000006,0.0,1,1
322,-2.0,-1.0,1.0,1.0,0.0,0.11099999999999999,0.36200000000000004,0.0,10.0,2.0,193.0,5.0,0.5523161990000001,-0.08299999999999999,-3.0,1,1
323,2.0,-2.0,0.0,-1.0,-2.0,-0.09499999999999997,-0.238,0.0,0.0,1.0,-140.0,3.0,-1.3510902489999999,0.06899999999999999,0.0,2,2
324,-1.0,0.0,-2.0,-1.0,0.0,0.06400000000000006,0.05800000000000005,0.0,2.0,0.0,26.0,4.0,0.7219979840000001,0.05600000000000001,1.0,2,2
325,9.0,-1.0,2.0,1.0,2.0,0.17400000000000004,0.476,0.0,11.0,4.0,248.0,3.0,1.1768956990000001,-0.09999999999999999,-1.0,1,1
326,-3.0,6.0,-8.0,1.0,-1.0,-0.251,-0.542,0.0,-12.0,-5.0,-259.0,-3.0,-0.71232284,0.107,-1.0,1,1
327,1.0,0.0,1.0,3.0,3.0,0.19500000000000006,0.43799999999999994,0.0,8.0,2.0,255.0,1.0,2.2868147690000002,-0.11699999999999999,0.0,1,1
328,-1.0,1.0,-3.0,1.0,0.0,-0.17499999999999993,-0.492,0.0,-4.0,-2.0,-272.0,-2.0,0.3951566369999999,0.0040000000000000036,0.0,1,1
329,2.0,1.0,-1.0,1.0,1.0,0.25,0.496,0.0,10.0,2.0,257.0,4.0,1.252565228,-0.006000000000000005,-1.0,1,1
330,0.0,1.0,-6.0,-1.0,-2.0,-0.16000000000000003,-0.30200000000000005,0.0,4.0,2.0,-156.0,1.0,0.16594737199999998,0.04299999999999998,0.0,2,2
331,-2.0,2.0,-1.0,0.0,-1.0,-0.22699999999999998,-0.408,0.0,-5.0,-3.0,-210.0,-1.0,-0.36461577700000003,0.092,-1.0,0,0
332,0.0,-2.0,3.0,3.0,0.0,0.19400000000000006,0.482,0.0,7.0,0.0,274.0,1.0,2.0188122639999997,-0.016999999999999987,0.0,1,1
333,4.0,-3.0,4.0,0.0,2.0,0.10699999999999998,0.20599999999999996,0.0,4.0,2.0,107.0,2.0,0.638328794,0.067,0.0,0,1
334,-5.0,2.0,-1.0,0.0,-2.0,-0.136,-0.36200000000000004,0.0,-8.0,-3.0,-153.0,-3.0,-0.597640851,-0.052000000000000005,2.0,0,0
335,2.0,0.0,0.0,2.0,3.0,0.138,0.436,0.0,6.0,2.0,260.0,0.0,2.3954003900000003,0.066,2.0,1,1
336,0.0,4.0,-3.0,1.0,0.0,0.07099999999999995,0.20599999999999996,0.0,3.0,3.0,108.0,0.0,-0.0692923795,-0.05299999999999999,0.0,1,1
337,2.0,0.0,4.0,2.0,2.0,0.09199999999999997,0.22599999999999998,0.0,7.0,1.0,126.0,1.0,0.7458772490000001,-0.00399999999999999,0.0,1,1
338,3.0,-4.0,3.0,6.0,1.0,0.32900000000000007,0.5820000000000001,0.0,12.0,1.0,297.0,2.0,3.5140718790000003,-0.1,0.0,1,1
339,5.0,-6.0,4.0,0.0,2.0,0.265,0.5640000000000001,0.0,5.0,3.0,301.0,1.0,0.03056475500000011,-0.029000000000000026,-1.0,0,1
340,1.0,3.0,-9.0,0.0,0.0,-0.262,-0.422,0.0,-2.0,-1.0,-224.0,-2.0,-0.9753632470000001,0.049000000000000016,1.0,0,2
341,-5.0,1.0,0.0,1.0,0.0,0.17799999999999994,0.19399999999999995,0.0,-1.0,-2.0,94.0,2.0,-0.06681933399999998,-0.062,0.0,1,0
342,4.0,0.0,0.0,0.0,1.0,0.14100000000000001,0.39399999999999996,0.0,10.0,5.0,243.0,1.0,0.29229490999999985,0.067,-1.0,0,2
343,5.0,-3.0,2.0,0.0,2.0,0.278,0.5760000000000001,0.0,5.0,4.0,277.0,2.0,0.503613785,-0.01899999999999999,1.0,0,0
344,1.0,-1.0,-2.0,0.0,0.0,-0.14700000000000002,-0.35800000000000004,0.0,-1.0,0.0,-217.0,-1.0,-0.03528990799999998,0.08400000000000002,1.0,0,0
345,-1.0,1.0,0.0,0.0,0.0,-0.04200000000000004,-0.35400000000000004,0.0,2.0,-2.0,-191.0,1.0,0.3541110510000003,-0.113,1.0,0,2
346,5.0,0.0,-1.0,-2.0,-3.0,-0.040000000000000036,-0.05400000000000005,0.0,1.0,0.0,-27.0,0.0,-0.7958933249999999,0.093,0.0,2,2
347,3.0,0.0,-3.0,1.0,-1.0,-0.18399999999999994,-0.34,0.0,-1.0,2.0,-180.0,-3.0,0.35462894300000003,-0.026000000000000023,0.0,1,1
348,-2.0,1.0,5.0,-1.0,-1.0,-0.11699999999999999,-0.24,0.0,3.0,0.0,-127.0,1.0,0.1548278940000001,0.121,-1.0,2,1
349,1.0,2.0,-3.0,0.0,-1.0,-0.23099999999999998,-0.43999999999999995,0.0,-1.0,-1.0,-260.0,0.0,-0.22341731799999998,0.10500000000000001,-1.0,0,0
350,-1.0,1.0,0.0,-1.0,0.0,-0.07299999999999995,-0.22799999999999998,0.0,-5.0,-3.0,-117.0,1.0,-0.8930715180000003,0.07299999999999998,3.0,2,2
351,0.0,2.0,-1.0,-1.0,-2.0,-0.09599999999999997,-0.28200000000000003,0.0,-4.0,-2.0,-147.0,0.0,-0.327818398,0.033,0.0,2,2
352,-1.0,2.0,-3.0,-1.0,-1.0,-0.19100000000000006,-0.45599999999999996,0.0,-6.0,-1.0,-274.0,-3.0,-0.925319841,0.116,1.0,2,2
353,5.0,1.0,-1.0,0.0,0.0,0.21099999999999997,0.51,0.0,3.0,4.0,265.0,-1.0,0.12839357699999998,-0.07,-1.0,0,1
354,4.0,2.0,-2.0,-1.0,2.0,0.14200000000000002,0.342,0.0,6.0,2.0,192.0,5.0,1.109962108,-0.0010000000000000009,1.0,2,1
355,-2.0,-2.0,1.0,1.0,2.0,0.128,0.36800000000000005,0.0,0.0,-3.0,252.0,0.0,0.07020364999999984,0.031,0.0,1,1
356,3.0,1.0,-1.0,0.0,-1.0,-0.10399999999999998,-0.244,0.0,6.0,2.0,-144.0,1.0,-0.3409912129999999,-0.09899999999999998,-1.0,0,0
357,-2.0,3.0,-8.0,-3.0,0.0,-0.265,-0.558,0.0,-5.0,-1.0,-323.0,0.0,-0.11477626400000002,0.033,1.0,2,2
358,0.0,-1.0,4.0,0.0,0.0,-0.22399999999999998,-0.5700000000000001,0.0,2.0,1.0,-374.0,0.0,0.42409617499999985,0.11000000000000001,0.0,0,1
359,1.0,2.0,0.0,-2.0,2.0,-0.127,-0.38999999999999996,0.0,1.0,1.0,-246.0,0.0,-0.07742250999999989,-0.023999999999999994,-1.0,2,2
360,-3.0,1.0,0.0,0.0,-2.0,-0.281,-0.6040000000000001,0.0,0.0,-1.0,-394.0,-1.0,0.445605818,0.126,0.0,0,2
361,2.0,-2.0,0.0,1.0,1.0,0.18800000000000006,0.558,0.0,-2.0,-2.0,296.0,-1.0,-0.43596049000000003,-0.04000000000000001,0.0,1,1
362,3.0,-5.0,3.0,2.0,0.0,0.19900000000000007,0.488,0.0,4.0,1.0,301.0,0.0,1.898086269,0.066,-2.0,1,1
363,2.0,-5.0,7.0,4.0,0.0,0.267,0.5660000000000001,0.0,9.0,3.0,363.0,1.0,2.597049556,-0.121,-1.0,1,1
364,0.0,1.0,-4.0,0.0,-3.0,-0.14800000000000002,-0.418,0.0,1.0,0.0,-191.0,0.0,0.8624284929999999,0.09999999999999999,2.0,0,0
365,2.0,-2.0,-1.0,3.0,1.0,0.17400000000000004,0.338,0.0,4.0,2.0,183.0,0.0,0.4707783809999998,-0.07899999999999999,0.0,1,1
366,0.0,-1.0,-2.0,2.0,4.0,0.245,0.426,-1.0,7.0,0.0,210.0,3.0,2.481124335,-0.07299999999999998,0.0,1,1
367,0.0,0.0,-1.0,3.0,2.0,0.06699999999999995,0.10000000000000003,0.0,9.0,-1.0,61.0,3.0,2.144074649,-0.083,0.0,1,1
368,0.0,3.0,-2.0,-1.0,-4.0,-0.06500000000000006,-0.12400000000000005,0.0,1.0,2.0,-60.0,-1.0,-0.989616471,-0.15700000000000003,2.0,2,2
369,-4.0,3.0,-1.0,-1.0,2.0,-0.18800000000000006,-0.46599999999999997,0.0,-1.0,-1.0,-270.0,-1.0,-1.110735228,0.023999999999999994,1.0,2,1
370,0.0,4.0,-7.0,0.0,1.0,-0.07000000000000006,-0.19399999999999995,0.0,1.0,2.0,-129.0,0.0,0.07986563199999999,0.134,0.0,0,0
371,-1.0,1.0,-2.0,1.0,1.0,-0.09699999999999998,-0.35600000000000004,0.0,1.0,-1.0,-200.0,-1.0,-0.49905214900000006,0.064,1.0,1,2
372,2.0,-4.0,6.0,1.0,1.0,0.18900000000000006,0.38999999999999996,0.0,9.0,2.0,241.0,5.0,1.032130775,-0.05500000000000001,1.0,1,1
373,-1.0,-4.0,5.0,1.0,3.0,0.14200000000000002,0.32,0.0,1.0,-1.0,204.0,0.0,0.537446015,0.08099999999999999,0.0,1,1
374,1.0,-5.0,0.0,0.0,0.0,0.09699999999999998,0.326,0.0,-3.0,0.0,189.0,-1.0,-0.259767444,-0.027999999999999997,1.0,0,0
375,-3.0,2.0,-2.0,-1.0,-3.0,-0.11699999999999999,-0.37400000000000005,0.0,-3.0,-1.0,-232.0,-1.0,-0.011088126000000087,0.139,1.0,2,2
376,-1.0,-1.0,-1.0,2.0,1.0,0.03699999999999992,0.068,0.0,2.0,0.0,40.0,-2.0,0.8196050890000001,0.11400000000000002,-1.0,1,1
377,0.0,3.0,-3.0,1.0,3.0,0.19300000000000006,0.41,0.0,7.0,-1.0,259.0,4.0,1.064679345,0.05300000000000002,0.0,1,1
378,-1.0,2.0,-3.0,-1.0,0.0,-0.08100000000000007,-0.252,0.0,-3.0,0.0,-177.0,0.0,-0.870682047,0.109,0.0,2,2
379,1.0,1.0,-2.0,1.0,0.0,-0.07700000000000007,-0.11200000000000004,0.0,-2.0,0.0,-65.0,-1.0,0.6810416930000001,-0.14700000000000002,0.0,1,0
380,5.0,-1.0,3.0,-1.0,-1.0,0.14,0.37400000000000005,0.0,7.0,4.0,222.0,2.0,0.5824692119999999,-0.16600000000000004,-1.0,2,1
381,0.0,3.0,-5.0,1.0,-2.0,-0.29700000000000004,-0.53,0.0,-4.0,0.0,-267.0,0.0,0.16044156799999987,0.04799999999999999,1.0,1,2
382,-2.0,1.0,-2.0,1.0,-2.0,-0.18500000000000005,-0.36200000000000004,0.0,-4.0,1.0,-172.0,-5.0,0.021160194999999993,0.05,0.0,1,2
383,-3.0,1.0,2.0,-1.0,-2.0,-0.259,-0.508,0.0,-6.0,-2.0,-287.0,-3.0,-0.775678564,0.04100000000000001,-2.0,2,2
384,4.0,-3.0,4.0,1.0,-2.0,0.19499999999999995,0.33,0.0,10.0,3.0,176.0,4.0,2.1618281969999997,-0.13100000000000003,-1.0,1,1
385,4.0,1.0,-2.0,0.0,3.0,0.23299999999999998,0.436,0.0,4.0,4.0,263.0,0.0,0.3258904179999999,0.037000000000000005,-1.0,0,0
386,-4.0,1.0,-3.0,-1.0,1.0,-0.19799999999999995,-0.45199999999999996,1.0,-1.0,-1.0,-202.0,2.0,0.34060304900000016,0.064,0.0,2,2
387,2.0,2.0,1.0,2.0,0.0,0.20099999999999996,0.408,0.0,16.0,2.0,202.0,5.0,2.751570515,-0.10899999999999999,-2.0,1,1
388,0.0,2.0,-3.0,-1.0,1.0,-0.245,-0.5700000000000001,0.0,-3.0,0.0,-354.0,0.0,-0.764990687,0.059,1.0,2,2
389,-5.0,0.0,-3.0,-1.0,3.0,-0.20400000000000007,-0.506,0.0,-10.0,-3.0,-297.0,-3.0,-1.1746625380000002,0.07500000000000001,2.0,2,2
390,3.0,-2.0,0.0,1.0,-1.0,0.19699999999999995,0.45999999999999996,0.0,7.0,1.0,287.0,2.0,1.019990535,-0.017999999999999988,-1.0,1,1
391,1.0,-2.0,4.0,3.0,3.0,0.14500000000000002,0.186,0.0,5.0,2.0,79.0,1.0,0.7743042339999999,0.03999999999999998,-2.0,1,1
392,1.0,0.0,0.0,-1.0,2.0,-0.20500000000000007,-0.494,0.0,-2.0,-1.0,-311.0,2.0,0.14303331500000005,-0.07199999999999998,0.0,2,2
393,-1.0,7.0,-9.0,0.0,1.0,-0.08299999999999996,-0.23199999999999998,0.0,-4.0,0.0,-131.0,-1.0,-0.11372995500000016,-0.047,1.0,0,2
394,2.0,-3.0,3.0,2.0,0.0,0.15300000000000002,0.45399999999999996,0.0,4.0,-1.0,310.0,1.0,1.2978389830000001,-0.055999999999999994,0.0,1,1
395,-4.0,1.0,0.0,-1.0,3.0,-0.19399999999999995,-0.30600000000000005,0.0,-8.0,-4.0,-154.0,-3.0,-0.48466262099999996,-0.028999999999999998,1.0,2,2
396,-3.0,-2.0,6.0,-1.0,2.0,0.28,0.542,0.0,-4.0,-1.0,273.0,-2.0,-0.393189938,0.009999999999999981,0.0,2,2
397,2.0,-5.0,7.0,2.0,3.0,0.17300000000000004,0.46399999999999997,0.0,9.0,3.0,295.0,1.0,0.4133334019999999,0.019000000000000003,-1.0,1,1
398,2.0,-2.0,1.0,2.0,1.0,0.30900000000000005,0.6020000000000001,0.0,6.0,4.0,362.0,-2.0,1.862167105,-0.08199999999999999,-1.0,1,1
399,0.0,-1.0,-1.0,0.0,-4.0,-0.08399999999999996,-0.20999999999999996,0.0,-1.0,0.0,-108.0,-2.0,0.855149548,0.08099999999999999,2.0,0,2
400,1.0,-2.0,3.0,3.0,-1.0,0.23099999999999998,0.494,0.0,5.0,1.0,272.0,0.0,0.753338962,-0.052000000000000005,-2.0,1,1
401,-3.0,1.0,2.0,-2.0,-2.0,-0.135,-0.45999999999999996,0.0,-1.0,1.0,-283.0,0.0,-2.141276388,-0.066,0.0,2,0
402,0.0,-5.0,5.0,2.0,-1.0,0.23099999999999998,0.478,0.0,8.0,0.0,258.0,1.0,2.3202869355000004,-0.128,0.0,1,1
403,2.0,-3.0,2.0,1.0,2.0,0.14900000000000002,0.408,0.0,2.0,0.0,236.0,1.0,0.867642443,0.0,0.0,1,1
404,0.0,2.0,-3.0,-1.0,-5.0,-0.19600000000000006,-0.6040000000000001,0.0,-3.0,1.0,-378.0,0.0,-0.3921427680000001,0.063,1.0,2,2
405,-6.0,2.0,-3.0,-1.0,-2.0,-0.07099999999999995,-0.324,0.0,-6.0,-1.0,-183.0,-2.0,-0.25212923600000003,-0.012999999999999998,-1.0,2,0
406,-3.0,-2.0,1.0,0.0,0.0,-0.09199999999999997,-0.174,0.0,5.0,2.0,-93.0,0.0,0.5832909829999999,-0.069,0.0,0,2
407,-2.0,2.0,2.0,1.0,0.0,0.08999999999999997,0.184,0.0,-2.0,-1.0,113.0,0.0,-0.12309170199999997,-0.07799999999999999,0.0,1,1
408,-5.0,0.0,-2.0,0.0,0.0,-0.14400000000000002,-0.37200000000000005,0.0,-7.0,-2.0,-198.0,-2.0,-0.54518248,0.035,-1.0,0,1
409,2.0,2.0,-4.0,2.0,1.0,-0.15100000000000002,-0.22199999999999998,0.0,-2.0,-1.0,-111.0,-2.0,0.20786508499999995,0.0050000000000000044,-2.0,1,1
410,-1.0,3.0,-4.0,-2.0,0.0,-0.08699999999999997,-0.21399999999999997,0.0,-7.0,-2.0,-135.0,-4.0,-1.621391807,-0.07900000000000001,0.0,2,2
411,9.0,-2.0,2.0,2.0,-2.0,0.10099999999999998,0.39399999999999996,0.0,9.0,2.0,215.0,5.0,1.487733692,0.031,0.0,1,1
412,2.0,-3.0,4.0,1.0,1.0,0.09599999999999997,0.28600000000000003,0.0,4.0,1.0,150.0,2.0,0.26639517199999996,-0.033,-2.0,1,1
413,1.0,2.0,-5.0,-1.0,-1.0,-0.06699999999999995,-0.238,0.0,6.0,5.0,-134.0,0.0,0.508993597,0.045999999999999985,0.0,2,0
414,4.0,0.0,1.0,3.0,-2.0,0.17000000000000004,0.526,0.0,8.0,2.0,290.0,2.0,2.0593001770000003,-0.063,-1.0,1,1
415,-5.0,1.0,0.0,-1.0,0.0,-0.28500000000000003,-0.556,0.0,-6.0,0.0,-297.0,-2.0,-0.431011907,0.167,2.0,2,2
416,-2.0,0.0,-4.0,0.0,2.0,-0.16300000000000003,-0.30400000000000005,0.0,-1.0,1.0,-163.0,0.0,-0.3603684710000001,-0.07100000000000001,2.0,0,0
417,2.0,-4.0,7.0,4.0,2.0,0.31300000000000006,0.6240000000000001,0.0,7.0,-1.0,363.0,4.0,3.239397875,-0.026999999999999996,0.0,1,1
418,0.0,3.0,-7.0,-2.0,2.0,-0.29200000000000004,-0.538,0.0,-4.0,-2.0,-272.0,0.0,-1.50668877,0.065,3.0,2,2
419,-2.0,1.0,-3.0,1.0,2.0,-0.19799999999999995,-0.46399999999999997,0.0,-6.0,0.0,-251.0,-5.0,-0.2270857129999999,0.13099999999999998,-1.0,1,2
420,5.0,-5.0,5.0,1.0,0.0,0.10599999999999998,0.18999999999999995,0.0,12.0,2.0,104.0,6.0,0.9260167272999998,0.022999999999999993,0.0,1,1
421,-1.0,-1.0,3.0,2.0,0.0,0.18400000000000005,0.418,0.0,6.0,-2.0,238.0,0.0,1.334314216,-0.098,1.0,1,1
422,-1.0,4.0,-5.0,0.0,-2.0,-0.138,-0.36000000000000004,0.0,1.0,0.0,-219.0,0.0,0.16399056950000002,0.032,0.0,0,2
423,-1.0,4.0,-2.0,-1.0,1.0,-0.17599999999999993,-0.44599999999999995,0.0,0.0,1.0,-254.0,0.0,-0.5383156360000001,0.044,0.0,2,2
424,-1.0,-4.0,5.0,1.0,-1.0,0.17099999999999993,0.332,0.0,0.0,4.0,165.0,-3.0,-0.33911662200000003,-0.09000000000000001,0.0,1,1
425,0.0,-10.0,11.0,0.0,0.0,0.18900000000000006,0.496,0.0,6.0,1.0,284.0,0.0,0.449137327,-0.11000000000000001,1.0,0,1
426,2.0,-3.0,5.0,3.0,2.0,0.14300000000000002,0.45799999999999996,0.0,8.0,-1.0,285.0,5.0,1.7906390510000003,-0.10300000000000001,-1.0,1,1
427,-1.0,-1.0,3.0,-2.0,1.0,-0.14100000000000001,-0.11600000000000005,0.0,-8.0,-4.0,-55.0,2.0,-1.280369259,-0.0030000000000000027,2.0,2,2
428,5.0,-3.0,5.0,2.0,1.0,0.18400000000000005,0.508,0.0,5.0,0.0,288.0,1.0,2.7267801405,-0.16799999999999998,0.0,1,1
429,2.0,2.0,-3.0,-2.0,-3.0,-0.22599999999999998,-0.48,0.0,-6.0,0.0,-290.0,-2.0,-1.7133917025,0.147,0.0,2,2
430,3.0,0.0,4.0,1.0,-1.0,0.19999999999999996,0.432,0.0,7.0,3.0,235.0,1.0,0.8935413990000001,-0.116,1.0,1,1
431,6.0,4.0,-2.0,0.0,-2.0,-0.256,-0.502,0.0,4.0,2.0,-266.0,0.0,0.133808955,-0.0049999999999999906,0.0,0,0
432,9.0,-1.0,1.0,-1.0,1.0,0.18199999999999994,0.494,0.0,4.0,1.0,257.0,0.0,0.280100167,-0.049,0.0,2,2
433,-4.0,1.0,0.0,-1.0,-3.0,-0.15600000000000003,-0.46599999999999997,0.0,-7.0,-3.0,-285.0,-3.0,-0.22487990700000005,0.181,2.0,2,2
434,-1.0,0.0,1.0,-1.0,-1.0,0.07000000000000006,0.08600000000000002,0.0,0.0,2.0,45.0,-1.0,0.16054819200000003,0.021999999999999992,-1.0,2,1
435,1.0,0.0,-1.0,-1.0,-2.0,-0.18299999999999994,-0.36800000000000005,0.0,-2.0,0.0,-197.0,1.0,-0.686301324,0.08399999999999999,0.0,2,2
436,1.0,-1.0,1.0,-1.0,-1.0,-0.3340000000000001,-0.6200000000000001,0.0,-1.0,1.0,-370.0,-1.0,0.015162651999999999,0.018000000000000002,1.0,2,1
437,4.0,-3.0,4.0,2.0,-1.0,0.22199999999999998,0.486,0.0,10.0,3.0,328.0,2.0,1.258437403,-0.0040000000000000036,1.0,1,1
438,2.0,4.0,-5.0,1.0,3.0,0.20399999999999996,0.498,0.0,3.0,0.0,309.0,0.0,0.047171733999999965,0.053000000000000005,-1.0,1,1
439,3.0,4.0,-4.0,0.0,1.0,-0.07300000000000006,-0.12000000000000005,0.0,-7.0,-1.0,-68.0,-4.0,-1.9448849675,0.056999999999999995,0.0,0,2
440,0.0,0.0,0.0,-1.0,-3.0,-0.271,-0.472,0.0,0.0,-1.0,-254.0,1.0,-0.551004184,0.025999999999999995,0.0,2,2
441,-2.0,4.0,-5.0,-1.0,0.0,-0.17400000000000004,-0.512,0.0,0.0,0.0,-295.0,0.0,0.2114579639999999,0.026999999999999996,0.0,2,2
442,0.0,1.0,-1.0,-2.0,-2.0,-0.06299999999999994,-0.176,0.0,2.0,-1.0,-91.0,4.0,0.363509274,0.064,1.0,2,2
443,-3.0,-1.0,3.0,-1.0,-2.0,-0.15100000000000002,-0.504,0.0,-2.0,0.0,-315.0,-1.0,-1.0991558479999999,0.107,0.0,2,0
444,5.0,0.0,1.0,0.0,3.0,0.20599999999999996,0.46599999999999997,0.0,11.0,3.0,236.0,4.0,0.791122217,-0.12000000000000001,-1.0,0,0
445,1.0,-7.0,5.0,1.0,2.0,0.15600000000000003,0.412,0.0,8.0,3.0,253.0,3.0,0.7502777225,-0.054000000000000006,0.0,1,1
446,0.0,0.0,0.0,0.0,-1.0,-0.2370000000000001,-0.6339999999999999,0.0,4.0,3.0,-421.0,0.0,1.2617348159,0.147,0.0,0,0
447,0.0,-2.0,3.0,0.0,3.0,0.15200000000000002,0.342,0.0,3.0,-1.0,178.0,0.0,0.196303958,-0.032,0.0,0,1
448,-2.0,-6.0,6.0,2.0,0.0,0.15400000000000003,0.332,0.0,2.0,1.0,177.0,-1.0,1.5229584156,0.041999999999999996,1.0,1,1
449,6.0,0.0,2.0,1.0,1.0,0.351,0.6499999999999999,0.0,12.0,3.0,363.0,6.0,1.1015331499999998,-0.07799999999999999,0.0,1,1
450,5.0,0.0,6.0,2.0,-3.0,0.14300000000000002,0.418,-1.0,7.0,2.0,209.0,1.0,0.33782644100000014,-0.08499999999999999,-2.0,1,1
451,0.0,1.0,1.0,-1.0,-2.0,-0.20099999999999996,-0.43,0.0,-3.0,0.0,-191.0,-1.0,-0.859558542,0.12,2.0,2,2
452,0.0,3.0,-3.0,-4.0,-2.0,-0.14700000000000002,-0.5780000000000001,0.0,-7.0,-1.0,-325.0,-1.0,-1.555035187,0.045000000000000005,1.0,2,2
453,2.0,1.0,2.0,1.0,-1.0,-0.32399999999999995,-0.526,0.0,1.0,1.0,-282.0,-2.0,0.13537783699999992,-0.061000000000000026,0.0,1,0
454,4.0,-6.0,8.0,0.0,-1.0,0.247,0.44199999999999995,0.0,10.0,2.0,214.0,3.0,0.835371729,0.025999999999999995,-1.0,0,1
455,3.0,-5.0,4.0,0.0,-1.0,0.256,0.548,0.0,5.0,1.0,322.0,2.0,0.36312433,-0.06700000000000003,-2.0,0,1
456,-1.0,-1.0,1.0,-2.0,-1.0,-0.14800000000000002,-0.29200000000000004,0.0,-5.0,0.0,-149.0,1.0,-1.070920608,0.019000000000000003,1.0,2,2
457,1.0,0.0,1.0,0.0,-1.0,0.244,0.31200000000000006,0.0,4.0,3.0,156.0,1.0,0.18055826600000002,-0.15400000000000003,1.0,0,1
458,3.0,-2.0,2.0,3.0,2.0,0.20900000000000007,0.5640000000000001,0.0,9.0,1.0,333.0,3.0,1.7502303969999997,-0.03400000000000003,-2.0,1,1
459,-1.0,0.0,0.0,-3.0,-2.0,-0.134,-0.28800000000000003,0.0,-6.0,-3.0,-177.0,-1.0,-0.074228081,0.01899999999999999,2.0,2,2
460,-1.0,1.0,2.0,0.0,-1.0,-0.22799999999999998,-0.418,0.0,-3.0,-4.0,-201.0,-1.0,0.19867297699999997,-0.11099999999999999,1.0,0,2
461,-3.0,0.0,2.0,0.0,-1.0,-0.09099999999999997,-0.16399999999999998,0.0,5.0,1.0,-81.0,1.0,-0.04358170599999994,0.05900000000000001,0.0,0,2
462,3.0,0.0,-7.0,-3.0,3.0,-0.1459999999999999,-0.25,0.0,-1.0,0.0,-109.0,3.0,-1.138935541,0.10600000000000001,1.0,2,2
463,-3.0,-1.0,2.0,0.0,0.0,-0.16000000000000003,-0.36200000000000004,0.0,-10.0,-3.0,-204.0,-6.0,-0.9627421490000002,0.201,0.0,0,2
464,-2.0,-1.0,1.0,2.0,-2.0,0.19199999999999995,0.408,0.0,5.0,-1.0,185.0,3.0,1.555446328,-0.01899999999999999,-1.0,1,1
465,3.0,-2.0,1.0,1.0,0.0,0.16500000000000004,0.496,0.0,7.0,-1.0,240.0,4.0,0.40535053200000004,-0.08700000000000001,-1.0,1,1
466,2.0,-2.0,2.0,1.0,-1.0,0.236,0.47,0.0,8.0,1.0,262.0,2.0,1.066820292,-0.18899999999999997,-2.0,1,1
467,-5.0,3.0,-4.0,0.0,-3.0,-0.15100000000000002,-0.35600000000000004,0.0,4.0,3.0,-158.0,2.0,0.11338618800000008,0.08199999999999999,0.0,0,2
468,1.0,-6.0,3.0,-1.0,1.0,-0.08199999999999996,-0.15199999999999997,0.0,1.0,0.0,-71.0,0.0,0.42272599200000005,-0.034,0.0,2,2
469,1.0,-4.0,1.0,0.0,2.0,0.06600000000000006,0.14799999999999996,0.0,0.0,1.0,79.0,-1.0,0.229176696,0.011999999999999983,0.0,0,1
470,-2.0,-1.0,-1.0,-2.0,1.0,-0.17899999999999994,-0.328,0.0,3.0,1.0,-170.0,2.0,0.05746351399999999,-0.02200000000000002,-1.0,2,2
471,-1.0,5.0,-5.0,-1.0,-1.0,-0.16900000000000004,-0.46399999999999997,0.0,-4.0,-1.0,-274.0,0.0,-0.7960819979999999,-0.038000000000000006,1.0,2,2
472,-3.0,0.0,1.0,1.0,0.0,-0.09799999999999998,-0.268,0.0,-3.0,-4.0,-144.0,-2.0,-0.02389232200000002,0.057999999999999996,-1.0,1,1
473,-3.0,4.0,-1.0,0.0,0.0,-0.237,-0.506,0.0,-10.0,-3.0,-250.0,-2.0,-1.1927623729999999,0.192,0.0,0,2
474,3.0,0.0,-1.0,0.0,1.0,-0.07099999999999995,-0.16799999999999998,0.0,3.0,-1.0,-87.0,0.0,0.407931706,-0.10300000000000004,0.0,0,0
475,0.0,-2.0,2.0,-1.0,2.0,-0.19099999999999995,-0.45799999999999996,0.0,-1.0,-1.0,-215.0,-1.0,-0.673144491,0.04300000000000001,1.0,2,2
476,-2.0,-1.0,0.0,1.0,2.0,0.19999999999999996,0.47,0.0,1.0,-1.0,209.0,1.0,1.1377872340000001,0.04700000000000001,-2.0,1,1
477,1.0,-2.0,3.0,0.0,0.0,0.10899999999999999,0.22999999999999998,0.0,-4.0,-1.0,123.0,-1.0,-0.55146134,0.07500000000000001,-2.0,0,1
478,1.0,0.0,-1.0,1.0,2.0,0.05300000000000005,0.182,1.0,3.0,4.0,98.0,0.0,0.22940681800000007,0.0049999999999999906,0.0,1,1
479,2.0,1.0,-2.0,3.0,-1.0,0.14800000000000002,0.342,0.0,7.0,-1.0,174.0,3.0,-0.04993720800000012,0.026999999999999996,1.0,1,1
480,2.0,-2.0,-1.0,0.0,-4.0,-0.18999999999999995,-0.408,0.0,6.0,0.0,-187.0,2.0,0.47801581200000004,-0.043,0.0,0,0
481,6.0,-7.0,6.0,0.0,1.0,0.31599999999999995,0.538,0.0,13.0,5.0,277.0,2.0,1.3204136939999997,-0.09500000000000003,-1.0,0,1
482,-5.0,0.0,-3.0,0.0,2.0,-0.268,-0.49,0.0,-2.0,0.0,-221.0,2.0,-0.6518910840000001,0.04999999999999999,0.0,0,2
483,0.0,2.0,-4.0,0.0,1.0,-0.20699999999999996,-0.22799999999999998,0.0,0.0,0.0,-112.0,-2.0,-0.959438056,0.086,0.0,0,0
484,-2.0,3.0,-4.0,-3.0,-1.0,-0.263,-0.46599999999999997,0.0,-11.0,-3.0,-247.0,-1.0,-0.916982065,0.02700000000000001,0.0,2,2
485,-3.0,-2.0,1.0,3.0,2.0,0.128,0.184,0.0,-3.0,-3.0,85.0,1.0,0.31942436799999996,-0.092,-2.0,1,1
486,-2.0,4.0,-1.0,-1.0,1.0,-0.09199999999999997,-0.21799999999999997,0.0,-1.0,1.0,-102.0,-1.0,-0.37892386550000007,0.014000000000000012,0.0,2,2
487,5.0,-3.0,3.0,2.0,-1.0,0.15300000000000002,0.38999999999999996,0.0,6.0,3.0,214.0,-1.0,1.4345910599999998,-0.04200000000000001,0.0,1,1
488,8.0,2.0,0.0,1.0,-2.0,0.20999999999999996,0.45399999999999996,0.0,11.0,3.0,264.0,5.0,1.755737181,-0.15200000000000002,-2.0,1,1
489,2.0,-3.0,2.0,0.0,0.0,0.20899999999999996,0.332,0.0,7.0,4.0,166.0,2.0,0.15324095000000004,-0.122,-2.0,0,1
490,3.0,0.0,3.0,4.0,2.0,0.07599999999999996,0.18799999999999994,0.0,6.0,-3.0,87.0,2.0,2.667478441,0.047,-1.0,1,1
491,1.0,1.0,0.0,-1.0,-1.0,-0.11100000000000004,-0.07800000000000001,0.0,0.0,0.0,-25.0,1.0,0.219954665,-0.0050000000000000044,2.0,2,2
492,-3.0,-1.0,2.0,5.0,1.0,0.17700000000000005,0.38799999999999996,-1.0,9.0,1.0,171.0,3.0,2.760925866,0.10500000000000001,-1.0,1,1
493,1.0,0.0,0.0,2.0,-2.0,0.17399999999999993,0.35600000000000004,0.0,5.0,3.0,156.0,1.0,0.7482958020000002,-0.127,-1.0,1,1
494,0.0,2.0,-3.0,0.0,1.0,-0.17899999999999994,-0.37000000000000005,0.0,-2.0,-2.0,-204.0,1.0,-0.028410285000000007,-0.0050000000000000044,0.0,0,2
495,3.0,2.0,-4.0,2.0,-2.0,0.28600000000000003,0.38399999999999995,0.0,6.0,1.0,183.0,1.0,1.371851854,-0.06399999999999999,0.0,1,1
496,1.0,-1.0,-1.0,2.0,3.0,0.14100000000000001,0.28200000000000003,0.0,10.0,4.0,137.0,-1.0,0.42074187400000007,-0.137,-1.0,1,0
497,-1.0,1.0,-2.0,-1.0,1.0,-0.2310000000000001,-0.36600000000000005,0.0,-4.0,0.0,-164.0,-3.0,-0.70778808,0.032,1.0,2,2
498,4.0,1.0,0.0,1.0,-1.0,0.1499999999999999,0.28400000000000003,0.0,6.0,3.0,122.0,0.0,0.434555295,-0.006000000000000005,0.0,1,1
499,-3.0,2.0,-4.0,-1.0,1.0,-0.15300000000000002,-0.48,0.0,-9.0,-2.0,-256.0,-6.0,-1.924540184,-0.0020000000000000018,0.0,2,2
500,0.0,6.0,-8.0,1.0,-2.0,-0.20100000000000007,-0.476,0.0,-5.0,-1.0,-192.0,-3.0,-1.023990734,0.043999999999999984,-1.0,1,0
501,1.0,2.0,-2.0,1.0,2.0,-0.11099999999999999,-0.13599999999999995,0.0,0.0,-2.0,-58.0,1.0,0.46904314400000024,-0.069,0.0,1,0
502,-1.0,1.0,2.0,-1.0,-1.0,-0.007000000000000006,-0.11200000000000004,0.0,7.0,2.0,-52.0,2.0,-0.07321330140000004,-0.007000000000000006,0.0,2,1
503,7.0,-2.0,1.0,4.0,0.0,0.15600000000000003,0.40199999999999997,0.0,16.0,4.0,214.0,4.0,2.389866713,-0.035,-2.0,1,1
504,0.0,3.0,-5.0,0.0,3.0,0.134,0.19799999999999995,1.0,6.0,1.0,79.0,0.0,0.499455439,0.059,0.0,0,2
505,2.0,-1.0,0.0,0.0,1.0,0.264,0.42,0.0,7.0,3.0,216.0,1.0,1.063560556,-0.11800000000000001,0.0,0,1
506,1.0,1.0,-2.0,-1.0,-1.0,-0.132,-0.29400000000000004,0.0,-1.0,-4.0,-152.0,1.0,0.03792929400000011,0.09800000000000002,-1.0,2,2
507,2.0,0.0,1.0,-2.0,0.0,-0.07199999999999995,-0.184,0.0,-7.0,0.0,-95.0,-5.0,-1.2537440739999999,0.009000000000000008,-1.0,2,2
508,3.0,0.0,2.0,0.0,1.0,0.271,0.536,0.0,5.0,1.0,296.0,3.0,0.2623036129999999,0.02300000000000002,-1.0,0,0
509,-12.0,1.0,-2.0,-2.0,0.0,-0.16799999999999993,-0.432,0.0,-12.0,-5.0,-198.0,-1.0,-1.6870781799999999,0.08600000000000001,2.0,2,2
510,-1.0,3.0,-1.0,1.0,2.0,-0.18699999999999994,-0.43,0.0,-5.0,-1.0,-205.0,-2.0,-0.33077477199999994,0.07500000000000001,-1.0,1,1
511,-3.0,3.0,-2.0,0.0,0.0,-0.19799999999999995,-0.416,0.0,-9.0,-4.0,-215.0,-4.0,-0.42026157199999997,0.04100000000000001,1.0,0,2
512,0.0,0.0,5.0,2.0,-1.0,0.09499999999999997,0.30200000000000005,0.0,7.0,2.0,158.0,2.0,0.790346049,-0.077,0.0,1,1
513,-2.0,-1.0,-1.0,0.0,3.0,-0.08899999999999997,-0.20199999999999996,0.0,-5.0,-1.0,-114.0,-2.0,-0.3689987554999999,-0.020000000000000018,0.0,0,2
514,5.0,-1.0,2.0,3.0,1.0,0.11099999999999999,0.20399999999999996,0.0,15.0,5.0,92.0,3.0,2.849052618,0.01200000000000001,0.0,1,1
515,2.0,-2.0,2.0,4.0,1.0,0.09399999999999997,0.15599999999999997,0.0,8.0,0.0,65.0,2.0,2.464062545,-0.02700000000000001,1.0,1,1
516,0.0,4.0,-7.0,0.0,0.0,-0.22199999999999998,-0.42,0.0,-7.0,-2.0,-207.0,-2.0,-0.6565689539999999,0.021999999999999992,0.0,0,2
517,-5.0,1.0,0.0,1.0,0.0,-0.10100000000000009,-0.22399999999999998,1.0,-8.0,-3.0,-89.0,-2.0,-0.565092628,0.074,1.0,1,2
518,-4.0,0.0,0.0,-1.0,0.0,-0.2310000000000001,-0.37200000000000005,0.0,-8.0,-2.0,-194.0,-3.0,-0.7723929505,0.12600000000000003,-1.0,2,2
519,1.0,2.0,-3.0,2.0,-3.0,0.05599999999999994,0.186,0.0,7.0,1.0,93.0,2.0,1.2055337247,0.017000000000000015,-2.0,1,1
520,-1.0,-1.0,-1.0,-2.0,-4.0,-0.16200000000000003,-0.336,0.0,-5.0,0.0,-151.0,0.0,-1.5467143349999999,0.064,3.0,2,2
521,-1.0,-2.0,4.0,2.0,3.0,0.04999999999999993,0.08200000000000002,0.0,4.0,1.0,40.0,1.0,1.188496799,-0.054000000000000006,-1.0,1,1
522,3.0,-2.0,1.0,2.0,0.0,0.18900000000000006,0.46599999999999997,0.0,7.0,4.0,260.0,-1.0,1.3190531540000001,-0.06899999999999999,-1.0,1,1
523,5.0,1.0,-3.0,1.0,-1.0,0.21599999999999997,0.45999999999999996,0.0,6.0,3.0,233.0,0.0,-0.17151444000000016,-0.077,0.0,1,1
524,3.0,3.0,-5.0,-2.0,-2.0,-0.125,-0.32,0.0,3.0,0.0,-155.0,1.0,-1.8940607560000005,-0.07100000000000001,2.0,2,2
525,-2.0,1.0,3.0,0.0,0.0,-0.22799999999999998,-0.526,0.0,3.0,1.0,-297.0,3.0,-0.23568295099999992,0.098,1.0,0,0
526,9.0,-1.0,1.0,3.0,3.0,0.136,0.38799999999999996,0.0,9.0,2.0,199.0,1.0,2.335772589,-0.132,0.0,1,1
527,0.0,4.0,-4.0,-1.0,0.0,-0.09599999999999997,-0.22399999999999998,0.0,6.0,4.0,-118.0,2.0,0.7124974295,0.068,2.0,2,0
528,-2.0,5.0,-5.0,1.0,0.0,-0.17599999999999993,-0.40599999999999997,0.0,0.0,1.0,-217.0,0.0,0.539201299,-0.049999999999999996,-1.0,1,1
529,-1.0,0.0,-1.0,1.0,0.0,-0.12,-0.21799999999999997,0.0,0.0,-2.0,-100.0,1.0,0.4817771810000001,0.034999999999999996,-2.0,1,1
530,-4.0,0.0,0.0,2.0,1.0,-0.06899999999999995,-0.068,0.0,-1.0,-1.0,-35.0,-1.0,1.038019924,0.187,-1.0,1,1
531,2.0,-3.0,3.0,0.0,0.0,0.14600000000000002,0.37599999999999995,0.0,6.0,4.0,195.0,3.0,0.8202702389999998,0.028999999999999984,0.0,0,1
532,1.0,-2.0,-2.0,0.0,2.0,0.22099999999999997,0.30400000000000005,0.0,7.0,-2.0,150.0,2.0,0.6221008330000001,-0.0010000000000000009,-1.0,0,0
533,-3.0,3.0,-2.0,-1.0,1.0,-0.08900000000000008,-0.13199999999999995,0.0,-3.0,2.0,-57.0,-3.0,-1.007826789,0.024999999999999994,1.0,2,0
534,4.0,-4.0,5.0,1.0,2.0,0.06999999999999995,0.252,0.0,6.0,2.0,117.0,1.0,0.8694189535,0.021999999999999992,-1.0,1,1
535,6.0,-1.0,1.0,0.0,3.0,0.16699999999999993,0.30600000000000005,0.0,6.0,1.0,139.0,4.0,0.6247672369999999,0.08499999999999999,-1.0,0,1
536,-2.0,0.0,-2.0,0.0,-1.0,-0.10799999999999998,-0.33,0.0,1.0,-5.0,-162.0,4.0,0.6901093359999999,0.12400000000000001,0.0,0,0
537,4.0,-1.0,3.0,1.0,1.0,0.19799999999999995,0.432,0.0,5.0,0.0,208.0,2.0,0.75072808,-0.0010000000000000009,-2.0,1,1
538,-2.0,0.0,-1.0,1.0,1.0,0.06299999999999994,0.11200000000000004,0.0,-2.0,-2.0,54.0,-4.0,-0.10219944599999992,-0.025999999999999995,0.0,1,2
539,4.0,2.0,-4.0,0.0,-3.0,0.09199999999999997,0.27,0.0,5.0,4.0,134.0,0.0,0.12852217999999999,-0.047,1.0,0,1
540,6.0,-3.0,7.0,0.0,3.0,0.22099999999999997,0.46599999999999997,0.0,5.0,1.0,207.0,2.0,0.163882719,-0.037000000000000005,-3.0,0,1
541,1.0,-1.0,2.0,1.0,3.0,0.138,0.322,0.0,3.0,1.0,166.0,0.0,0.896354116,0.011999999999999983,-1.0,1,1
542,2.0,1.0,0.0,1.0,-3.0,-0.04999999999999993,-0.09600000000000003,0.0,9.0,1.0,-46.0,1.0,1.2024863920000002,0.186,-1.0,1,0
543,-2.0,0.0,-3.0,-1.0,0.0,-0.08499999999999996,-0.29000000000000004,0.0,4.0,2.0,-144.0,-1.0,0.5229482560000001,0.031,0.0,2,2
544,-1.0,2.0,1.0,0.0,0.0,-0.07399999999999995,-0.18,0.0,1.0,0.0,-87.0,-1.0,-0.06431045999999996,0.022999999999999993,1.0,0,0
545,1.0,-5.0,6.0,2.0,5.0,-0.007000000000000006,-0.02400000000000002,0.0,4.0,2.0,-12.0,3.0,0.09472267099999998,-0.05700000000000001,0.0,1,1
546,2.0,-5.0,4.0,3.0,0.0,0.06799999999999995,0.15199999999999997,0.0,8.0,2.0,84.0,3.0,1.7578506780000005,-0.0030000000000000027,0.0,1,1
547,-4.0,4.0,-3.0,-2.0,2.0,-0.13,-0.34400000000000003,0.0,-4.0,0.0,-183.0,-3.0,-0.573837124,-0.059,0.0,2,2
548,1.0,-1.0,-2.0,-3.0,-2.0,-0.06999999999999995,-0.21599999999999997,0.0,0.0,1.0,-92.0,0.0,-1.588419292,0.08600000000000001,2.0,2,2
549,2.0,0.0,1.0,0.0,2.0,-0.007000000000000006,-0.03600000000000003,0.0,6.0,0.0,-18.0,1.0,0.674126869,0.024999999999999994,-2.0,0,1
550,2.0,1.0,-1.0,0.0,-2.0,-0.11399999999999999,-0.18,1.0,2.0,0.0,-89.0,-1.0,-0.8452866779999999,0.0010000000000000009,-1.0,0,1
551,5.0,-2.0,-1.0,2.0,3.0,0.139,0.40199999999999997,0.0,3.0,1.0,209.0,2.0,0.4022433180000001,-0.016999999999999987,0.0,1,1
552,-2.0,-2.0,0.0,-3.0,-2.0,-0.239,-0.5,0.0,-10.0,-1.0,-261.0,-3.0,-1.454890937,0.061,1.0,2,2
553,-2.0,3.0,-3.0,1.0,2.0,-0.14800000000000002,-0.40599999999999997,0.0,2.0,1.0,-210.0,-2.0,0.5481985730000001,0.066,1.0,1,2
554,0.0,0.0,0.0,1.0,0.0,0.20199999999999996,0.35400000000000004,0.0,8.0,2.0,168.0,0.0,1.614007513,-0.09899999999999999,-2.0,1,0
555,0.0,-2.0,0.0,0.0,2.0,0.09899999999999998,0.266,1.0,6.0,0.0,128.0,5.0,2.231185858000001,-0.14500000000000002,1.0,0,0
556,-4.0,1.0,-1.0,0.0,0.0,-0.17100000000000004,-0.38199999999999995,0.0,-3.0,-2.0,-228.0,-1.0,0.003711332000000178,0.04899999999999999,-2.0,0,1
557,-1.0,0.0,0.0,1.0,-4.0,-0.129,-0.36400000000000005,0.0,-3.0,-3.0,-170.0,1.0,-0.6569592115,-0.025999999999999995,1.0,1,1
558,-1.0,1.0,0.0,1.0,1.0,0.04400000000000004,0.248,0.0,0.0,1.0,133.0,-1.0,0.45121524199999996,-0.08100000000000002,-2.0,1,1
559,2.0,0.0,0.0,-3.0,0.0,-0.18800000000000006,-0.52,0.0,-3.0,-2.0,-319.0,0.0,-0.429198675,-0.0040000000000000036,0.0,2,2
560,7.0,-1.0,-1.0,0.0,-3.0,0.251,0.408,0.0,11.0,5.0,171.0,0.0,1.0810552109999998,-0.069,0.0,0,0
561,-4.0,0.0,0.0,0.0,0.0,-0.07099999999999995,-0.176,0.0,-5.0,-3.0,-94.0,-3.0,-1.035115795,0.022999999999999993,-1.0,0,1
562,-2.0,-5.0,8.0,0.0,4.0,0.18999999999999995,0.38999999999999996,0.0,5.0,1.0,181.0,2.0,0.19365612899999995,0.006999999999999992,1.0,0,1
563,-1.0,0.0,2.0,1.0,-5.0,0.17799999999999994,0.36600000000000005,0.0,-1.0,-2.0,153.0,1.0,0.43529289899999996,0.033,1.0,1,1
564,2.0,-1.0,2.0,0.0,1.0,0.139,0.33,0.0,8.0,3.0,164.0,1.0,-0.362825155,0.024999999999999994,-1.0,0,0
565,-4.0,-2.0,2.0,1.0,0.0,0.17400000000000004,0.324,0.0,6.0,4.0,148.0,1.0,0.65672493,-0.035999999999999976,-1.0,1,1
566,-7.0,2.0,-5.0,0.0,-2.0,-0.05999999999999994,-0.22799999999999998,0.0,0.0,-1.0,-112.0,-1.0,-0.39503837399999997,0.012999999999999984,0.0,0,2
567,1.0,1.0,2.0,0.0,1.0,0.10299999999999998,0.29200000000000004,0.0,2.0,-1.0,142.0,2.0,0.10129867599999998,-0.171,-1.0,0,1
568,1.0,-1.0,1.0,-1.0,-1.0,0.14100000000000001,0.324,0.0,3.0,0.0,180.0,-1.0,-0.2315560620000001,0.001999999999999988,-1.0,2,0
569,-2.0,0.0,-5.0,-1.0,1.0,-0.28,-0.51,0.0,-4.0,-1.0,-262.0,1.0,-0.5088476370000001,0.06799999999999999,1.0,2,2
570,0.0,-3.0,7.0,-1.0,2.0,-0.08399999999999996,-0.268,0.0,6.0,2.0,-137.0,2.0,-0.3442565110000001,0.09600000000000002,0.0,2,0
571,0.0,2.0,-2.0,0.0,0.0,-0.17999999999999994,-0.322,1.0,-5.0,1.0,-134.0,0.0,-0.505830731,0.09200000000000003,0.0,0,2
572,4.0,0.0,1.0,3.0,1.0,0.17899999999999994,0.316,0.0,10.0,5.0,170.0,1.0,1.512624925,-0.07100000000000001,-1.0,1,1
573,2.0,-3.0,4.0,1.0,-1.0,0.07299999999999995,0.10400000000000004,0.0,2.0,-1.0,45.0,1.0,1.0361141849999997,-0.124,1.0,1,1
574,6.0,0.0,1.0,0.0,1.0,0.21600000000000008,0.40399999999999997,0.0,13.0,5.0,181.0,7.0,0.9659322240000001,0.0010000000000000009,-2.0,0,1
575,2.0,0.0,4.0,0.0,-4.0,0.11599999999999999,0.27,0.0,10.0,5.0,127.0,4.0,0.855682595,0.085,-1.0,0,1
576,-1.0,2.0,-1.0,0.0,2.0,-0.08399999999999996,-0.15199999999999997,0.0,-3.0,-2.0,-64.0,-1.0,-0.05717016899999999,0.02099999999999999,0.0,0,2
577,4.0,-3.0,2.0,1.0,-6.0,0.14500000000000002,0.22799999999999998,0.0,3.0,2.0,108.0,-2.0,-0.013834020000000002,-0.06100000000000001,-1.0,1,1
578,-3.0,-3.0,2.0,1.0,-5.0,0.10299999999999998,0.13199999999999995,0.0,5.0,3.0,56.0,0.0,1.495249174,0.034,0.0,1,1
579,-1.0,1.0,-1.0,-1.0,4.0,-0.10200000000000009,-0.29200000000000004,0.0,-1.0,0.0,-159.0,-2.0,-0.18165499200000002,0.012999999999999998,1.0,2,2
580,1.0,0.0,4.0,-1.0,3.0,-0.18600000000000005,-0.278,0.0,-4.0,0.0,-115.0,0.0,-1.0659809199999999,-0.043000000000000003,-1.0,2,2
581,6.0,1.0,-3.0,1.0,-1.0,0.27,0.46599999999999997,0.0,14.0,7.0,214.0,1.0,1.483325726,-0.064,-1.0,1,1
582,2.0,0.0,0.0,0.0,0.0,-0.124,-0.29200000000000004,0.0,0.0,1.0,-161.0,1.0,0.034785202,0.036000000000000004,0.0,0,2
583,1.0,1.0,3.0,0.0,2.0,0.15000000000000002,0.16199999999999998,0.0,3.0,-1.0,79.0,3.0,0.33298558500000003,-0.15899999999999997,-1.0,0,0
584,1.0,1.0,2.0,-1.0,-2.0,0.06499999999999995,0.11200000000000004,0.0,-1.0,1.0,49.0,0.0,-0.24777508900000006,-0.067,-1.0,2,2
585,-2.0,1.0,-4.0,-1.0,2.0,-0.129,-0.22199999999999998,0.0,-5.0,-1.0,-114.0,0.0,-1.1234759785,0.006999999999999999,1.0,2,2
586,0.0,1.0,0.0,0.0,-1.0,0.131,0.174,0.0,7.0,1.0,89.0,2.0,0.19255660800000002,-0.14400000000000002,0.0,0,1
587,0.0,2.0,-2.0,-1.0,0.0,-0.01100000000000001,-0.040000000000000036,0.0,-11.0,-6.0,-18.0,-2.0,-0.8819753339999999,-0.09300000000000003,-2.0,2,2
588,1.0,-2.0,0.0,0.0,-1.0,0.21000000000000008,0.45199999999999996,0.0,0.0,0.0,183.0,1.0,0.20669325500000002,-0.007999999999999993,0.0,0,1
589,-3.0,8.0,-11.0,-2.0,5.0,-0.16799999999999993,-0.12200000000000005,0.0,-2.0,0.0,-56.0,-1.0,-0.588195331,-0.05399999999999999,0.0,2,2
590,4.0,-1.0,1.0,0.0,-1.0,0.14800000000000002,0.414,0.0,11.0,5.0,196.0,5.0,1.492339002,-0.064,-2.0,0,1
591,0.0,-4.0,3.0,2.0,1.0,0.19599999999999995,0.36600000000000005,0.0,5.0,-1.0,161.0,1.0,0.797069,-0.03799999999999999,-2.0,1,1
592,4.0,-3.0,0.0,2.0,3.0,0.11599999999999999,0.186,0.0,8.0,4.0,75.0,-1.0,1.15802217,-0.012999999999999998,0.0,1,1
593,8.0,-3.0,5.0,0.0,0.0,0.137,0.37400000000000005,0.0,5.0,2.0,187.0,1.0,0.04063344099999999,-0.147,1.0,0,1
594,0.0,3.0,-2.0,1.0,0.0,0.1140000000000001,0.22399999999999998,0.0,5.0,0.0,100.0,2.0,-0.17660597099999986,-0.05600000000000001,-1.0,1,1
595,1.0,1.0,-2.0,-1.0,3.0,-0.18100000000000005,-0.14599999999999996,0.0,-6.0,0.0,-69.0,-3.0,-0.529662802,-0.016,0.0,2,2
596,5.0,-2.0,1.0,1.0,3.0,0.119,0.19799999999999995,0.0,7.0,3.0,88.0,1.0,0.4936051949999999,-0.08000000000000002,1.0,1,1
597,-3.0,1.0,4.0,-1.0,0.0,-0.07500000000000007,-0.22799999999999998,0.0,-4.0,-3.0,-94.0,-1.0,-0.10879887050000009,-0.029999999999999992,0.0,2,2
598,1.0,0.0,-1.0,0.0,3.0,-0.14800000000000002,-0.19399999999999995,0.0,1.0,1.0,-81.0,-2.0,-0.028560223999999912,0.05300000000000002,0.0,0,2
599,4.0,-2.0,1.0,1.0,-1.0,0.16299999999999992,0.28,0.0,5.0,0.0,146.0,4.0,0.045941513000000045,-0.128,-2.0,1,1
600,0.0,-3.0,4.0,0.0,1.0,0.03300000000000003,-0.03200000000000003,0.0,4.0,1.0,-13.0,3.0,0.6360263270000001,-0.0010000000000000009,-1.0,0,0
601,3.0,0.0,-1.0,-1.0,-3.0,0.135,0.278,0.0,12.0,3.0,143.0,4.0,0.41701116699999996,-0.001999999999999988,0.0,2,1
602,7.0,-4.0,6.0,2.0,-1.0,0.14300000000000002,0.324,0.0,12.0,2.0,184.0,4.0,1.459162888,0.04000000000000001,0.0,1,1
603,-3.0,1.0,-1.0,-3.0,-1.0,-0.09599999999999997,-0.14199999999999996,0.0,-7.0,-1.0,-81.0,-3.0,-1.575705782,-0.096,1.0,2,2
604,3.0,-3.0,4.0,-3.0,1.0,-0.016000000000000014,0.062000000000000055,0.0,-2.0,3.0,31.0,-1.0,-0.9741843929999999,0.066,0.0,2,2
605,4.0,1.0,2.0,1.0,0.0,0.0030000000000000027,0.09000000000000002,0.0,1.0,0.0,40.0,1.0,0.09655028450000003,0.05899999999999998,-2.0,1,0
606,1.0,3.0,1.0,0.0,1.0,0.015000000000000013,0.03200000000000003,0.0,-2.0,0.0,16.0,-1.0,0.02385678499999988,-0.108,0.0,0,1
607,1.0,3.0,-2.0,0.0,-3.0,-0.16799999999999993,-0.20399999999999996,0.0,-3.0,2.0,-109.0,-1.0,-0.26107247200000006,0.095,0.0,0,2
608,-1.0,2.0,-1.0,-1.0,1.0,-0.09399999999999997,-0.248,0.0,-3.0,-2.0,-116.0,-3.0,0.2179533656,-0.033,2.0,2,2
609,-2.0,1.0,1.0,0.0,1.0,0.09199999999999997,0.09200000000000003,0.0,7.0,4.0,45.0,0.0,-0.004671862999999887,-0.031000000000000014,0.0,0,1
610,2.0,-2.0,2.0,0.0,-1.0,0.15999999999999992,0.252,0.0,2.0,1.0,142.0,1.0,0.5141135285,0.049,0.0,0,0
611,-2.0,-2.0,1.0,0.0,0.0,0.14900000000000002,0.186,0.0,4.0,-2.0,110.0,0.0,0.11254061000000001,0.010999999999999996,-1.0,0,0
612,4.0,0.0,2.0,0.0,0.0,-0.014000000000000012,0.09200000000000003,0.0,2.0,1.0,49.0,1.0,0.06305449400000002,-0.017,1.0,0,0
613,1.0,-3.0,7.0,0.0,-3.0,0.07999999999999996,0.14999999999999997,0.0,-1.0,0.0,62.0,0.0,0.0037687359999999392,0.03,0.0,0,0
614,-2.0,-1.0,-1.0,0.0,-1.0,-0.14200000000000002,-0.12200000000000005,0.0,3.0,3.0,-62.0,0.0,0.191324886,0.052000000000000005,-1.0,0,2
615,3.0,1.0,-1.0,-1.0,3.0,-0.03400000000000003,0.02200000000000002,0.0,1.0,-2.0,10.0,0.0,0.367000432,0.077,1.0,2,2
616,2.0,0.0,-1.0,-2.0,0.0,-0.008000000000000007,-0.040000000000000036,0.0,2.0,0.0,-21.0,0.0,-0.9545409189999999,0.027999999999999997,0.0,2,0
617,0.0,3.0,-1.0,-1.0,0.0,-0.15400000000000003,-0.22799999999999998,0.0,-5.0,-1.0,-111.0,-2.0,-0.5394244365,0.07800000000000001,0.0,2,2
618,-1.0,-1.0,1.0,1.0,-1.0,0.135,0.14999999999999997,1.0,0.0,-2.0,61.0,-2.0,0.6482440450000001,0.069,1.0,1,1
619,1.0,0.0,1.0,-1.0,-1.0,-0.09799999999999998,0.016000000000000014,0.0,0.0,1.0,8.0,0.0,-0.6246415219999999,-0.02300000000000002,0.0,2,2
620,6.0,-1.0,0.0,0.0,-1.0,0.16199999999999992,0.30000000000000004,0.0,12.0,-1.0,150.0,7.0,1.4563076370000003,0.048,0.0,0,0
621,5.0,1.0,0.0,-1.0,-3.0,0.16399999999999992,0.30800000000000005,0.0,3.0,-1.0,106.0,1.0,-0.253936966,0.174,-2.0,2,1
622,-2.0,0.0,-2.0,-1.0,3.0,0.15200000000000002,0.244,0.0,-3.0,0.0,114.0,0.0,-1.0603729699999997,-0.123,1.0,2,1
623,1.0,0.0,-1.0,1.0,4.0,0.09100000000000008,0.064,0.0,6.0,2.0,36.0,3.0,0.8188648884999998,0.06100000000000001,-2.0,1,1
624,-2.0,-1.0,0.0,3.0,-2.0,0.06999999999999995,0.12200000000000005,0.0,3.0,0.0,58.0,-1.0,1.6283838069999998,-0.020000000000000018,0.0,1,1
625,4.0,0.0,0.0,0.0,0.0,-0.11699999999999999,-0.068,0.0,5.0,2.0,-32.0,3.0,0.5252432730000001,0.154,0.0,0,0
626,-2.0,-2.0,2.0,-1.0,0.0,-0.03300000000000003,-0.08400000000000002,0.0,0.0,0.0,-45.0,0.0,-0.5264304900000001,0.035,0.0,2,2
627,2.0,-1.0,3.0,1.0,-3.0,0.10299999999999998,0.22199999999999998,0.0,12.0,2.0,95.0,4.0,1.4639339470000006,-0.17099999999999999,0.0,1,1
628,2.0,2.0,-3.0,1.0,1.0,0.22399999999999998,0.39799999999999996,0.0,2.0,-2.0,203.0,4.0,0.19931819099999992,-0.062,-1.0,1,1
629,0.0,1.0,-1.0,0.0,2.0,-0.05600000000000005,-0.14799999999999996,0.0,-2.0,0.0,-68.0,-1.0,0.634065394,0.088,0.0,0,0
630,3.0,1.0,-1.0,0.0,1.0,-0.07799999999999996,-0.19199999999999995,0.0,0.0,-1.0,-97.0,3.0,-0.12186708499999999,-0.03999999999999998,0.0,0,0
631,-2.0,3.0,-3.0,-1.0,0.0,-0.09499999999999997,-0.38599999999999995,0.0,-4.0,-1.0,-197.0,-1.0,-0.24993293299999997,0.07400000000000001,-1.0,2,2
632,0.0,-1.0,3.0,2.0,-1.0,-0.030000000000000027,-0.04200000000000004,0.0,-2.0,2.0,-23.0,-2.0,0.06938752500000012,0.10799999999999998,0.0,1,1
633,4.0,-1.0,1.0,-1.0,1.0,-0.09500000000000008,-0.07600000000000001,0.0,-3.0,0.0,-41.0,1.0,0.06061615099999995,-0.0050000000000000044,0.0,2,2
634,0.0,0.0,1.0,-1.0,0.0,0.05799999999999994,0.22999999999999998,0.0,0.0,0.0,112.0,1.0,0.4880189790000001,-0.08800000000000001,0.0,2,0
635,-1.0,-2.0,1.0,-1.0,1.0,0.122,0.29800000000000004,0.0,5.0,1.0,161.0,1.0,0.1710597785,0.115,0.0,2,1
636,2.0,-1.0,4.0,0.0,-1.0,0.0,0.068,0.0,0.0,-1.0,37.0,0.0,-0.31401703799999997,-0.15799999999999997,1.0,0,1
637,3.0,-1.0,2.0,0.0,-1.0,-0.040000000000000036,0.016000000000000014,0.0,1.0,2.0,9.0,0.0,0.11417275700000001,0.11099999999999999,0.0,0,2
638,-6.0,-1.0,2.0,-1.0,1.0,-0.131,-0.428,0.0,-9.0,-2.0,-235.0,-3.0,-0.963726281,0.128,0.0,2,2
639,-1.0,-1.0,1.0,1.0,-3.0,-0.006000000000000005,-0.016000000000000014,0.0,-4.0,-1.0,-9.0,-1.0,-0.227625376,-0.008000000000000007,-1.0,1,1
640,2.0,-1.0,0.0,0.0,1.0,0.07100000000000006,0.08400000000000002,0.0,11.0,5.0,52.0,3.0,0.4164312639999999,-0.056999999999999995,-1.0,0,1
641,0.0,1.0,0.0,-1.0,1.0,0.14,0.474,0.0,4.0,1.0,271.0,2.0,0.6046376450000001,-0.13,0.0,2,0
642,-3.0,1.0,-1.0,0.0,1.0,0.21300000000000008,0.40599999999999997,0.0,3.0,2.0,224.0,0.0,0.025602516000000103,-0.143,0.0,0,1
643,-3.0,-1.0,0.0,-1.0,0.0,-0.07299999999999995,-0.182,0.0,-1.0,3.0,-86.0,0.0,-0.6550776420000001,0.030000000000000027,0.0,2,2
644,-1.0,1.0,3.0,0.0,-1.0,-0.07300000000000006,-0.25,0.0,-7.0,-2.0,-157.0,-3.0,-0.4956013509999999,-0.0010000000000000009,0.0,0,2
645,-6.0,2.0,-3.0,-1.0,0.0,0.015999999999999903,-0.064,0.0,-12.0,-4.0,-32.0,-1.0,-1.246681549,-0.094,0.0,2,2
646,0.0,0.0,1.0,1.0,0.0,-0.124,-0.36600000000000005,0.0,-4.0,0.0,-206.0,0.0,-0.4781491299999999,-0.134,-1.0,1,0
647,0.0,-1.0,-2.0,0.0,1.0,0.07999999999999996,0.184,0.0,-1.0,-1.0,88.0,0.0,0.2936520059999999,-0.07999999999999999,0.0,0,0
648,4.0,-2.0,3.0,2.0,0.0,0.061000000000000054,0.238,0.0,7.0,1.0,125.0,3.0,1.727401567,-0.07599999999999998,1.0,1,1
649,-2.0,2.0,-1.0,1.0,1.0,-0.017000000000000015,-0.04600000000000004,0.0,8.0,2.0,-26.0,1.0,0.9991814280000002,0.10500000000000001,0.0,1,2
650,1.0,-1.0,2.0,0.0,1.0,0.03500000000000003,0.16799999999999998,0.0,2.0,0.0,84.0,2.0,0.160985973,-0.009999999999999981,-1.0,0,1
651,2.0,0.0,0.0,0.0,0.0,0.049000000000000044,0.18999999999999995,0.0,6.0,3.0,115.0,1.0,0.47571173200000005,-0.139,0.0,0,1
652,0.0,-1.0,0.0,-1.0,1.0,0.01200000000000001,0.062000000000000055,0.0,2.0,2.0,32.0,0.0,-0.022924557000000012,-0.11499999999999999,0.0,2,2
653,4.0,0.0,2.0,0.0,1.0,0.02100000000000002,0.11000000000000004,0.0,0.0,0.0,51.0,-1.0,0.4874223130000001,0.057999999999999996,0.0,0,2
654,-6.0,0.0,-1.0,-1.0,-1.0,-0.017000000000000015,-0.21999999999999997,0.0,2.0,4.0,-97.0,-1.0,-0.147025864,-0.065,2.0,2,2
655,-1.0,0.0,0.0,-1.0,2.0,-0.16099999999999992,-0.37599999999999995,0.0,1.0,0.0,-184.0,1.0,0.176891473,0.095,1.0,2,2
656,0.0,1.0,-4.0,0.0,-1.0,-0.08300000000000007,-0.20399999999999996,0.0,-1.0,-1.0,-118.0,1.0,-0.19071427600000002,0.14500000000000002,1.0,0,1
657,-1.0,0.0,0.0,1.0,1.0,-0.06300000000000006,-0.268,0.0,-6.0,-1.0,-136.0,-5.0,0.290613598,0.11699999999999999,0.0,1,0
658,1.0,0.0,0.0,1.0,1.0,0.10799999999999998,0.29800000000000004,0.0,8.0,2.0,143.0,1.0,1.200034852,-0.0020000000000000018,0.0,1,1
659,2.0,0.0,0.0,1.0,1.0,0.03300000000000003,0.04800000000000004,0.0,6.0,3.0,29.0,0.0,1.289047146,0.0050000000000000044,0.0,1,1
660,2.0,1.0,-3.0,-1.0,0.0,0.050999999999999934,0.13599999999999995,0.0,1.0,5.0,66.0,0.0,-1.040683402,-0.099,0.0,2,2
661,-1.0,2.0,-2.0,0.0,-1.0,-0.013000000000000012,0.010000000000000009,0.0,3.0,0.0,7.0,2.0,0.08444589099999988,0.031,-2.0,0,0
662,4.0,1.0,-3.0,1.0,-1.0,0.242,0.5720000000000001,0.0,2.0,1.0,300.0,-1.0,0.5480444010000001,0.11399999999999999,-1.0,1,0
663,0.0,0.0,0.0,-1.0,-2.0,0.03600000000000003,-0.02200000000000002,0.0,-2.0,-1.0,-10.0,1.0,-0.9652381699999999,-0.15199999999999997,1.0,2,0
664,2.0,0.0,1.0,0.0,0.0,0.04899999999999993,0.20399999999999996,0.0,2.0,1.0,101.0,2.0,0.020170118000000015,-0.071,-1.0,0,1
665,-3.0,1.0,-1.0,0.0,2.0,-0.13,-0.332,0.0,-14.0,-3.0,-191.0,-3.0,-0.7181115249999999,0.020000000000000018,0.0,0,2
666,-1.0,-1.0,3.0,0.0,3.0,-0.10199999999999998,-0.28200000000000003,0.0,-4.0,-1.0,-157.0,0.0,-0.464089921,0.194,0.0,0,1
667,-2.0,1.0,-1.0,-1.0,0.0,-0.0010000000000000009,-0.08200000000000002,0.0,0.0,1.0,-46.0,0.0,-0.662668655,0.07,0.0,2,2
668,1.0,0.0,3.0,0.0,3.0,-0.11699999999999999,-0.40199999999999997,0.0,1.0,1.0,-227.0,-1.0,0.004944691000000001,0.12300000000000001,0.0,0,2
669,2.0,0.0,0.0,-1.0,-2.0,-0.0010000000000000009,-0.062000000000000055,0.0,0.0,1.0,-38.0,0.0,-0.457752767,0.05299999999999999,0.0,2,2
670,3.0,0.0,-1.0,-2.0,1.0,-0.051000000000000045,0.040000000000000036,0.0,0.0,1.0,18.0,0.0,-0.10984293300000003,0.010999999999999982,0.0,2,2
671,0.0,-2.0,0.0,1.0,1.0,-0.027999999999999914,0.006000000000000005,0.0,4.0,2.0,3.0,0.0,1.6704243970000001,-0.162,0.0,1,1
672,-1.0,0.0,-2.0,0.0,0.0,0.04599999999999993,0.20399999999999996,0.0,-1.0,-1.0,111.0,-1.0,0.13128891799999992,-0.08400000000000002,0.0,0,0
673,4.0,0.0,7.0,0.0,1.0,0.28200000000000003,0.6719999999999999,0.0,6.0,1.0,378.0,3.0,0.786270454,-0.259,0.0,0,0
674,-3.0,0.0,0.0,-1.0,-1.0,0.0010000000000000009,0.010000000000000009,0.0,2.0,4.0,5.0,0.0,0.25524439899999996,0.03900000000000001,0.0,2,2
675,3.0,0.0,-1.0,0.0,0.0,-0.05500000000000005,-0.16399999999999998,0.0,-4.0,-2.0,-97.0,1.0,-0.312755735,-0.023999999999999994,-1.0,0,0
676,-2.0,0.0,2.0,0.0,-1.0,-0.128,-0.334,0.0,-4.0,0.0,-168.0,-1.0,-1.0439917640000003,-0.05299999999999999,-1.0,0,2
677,6.0,0.0,0.0,0.0,0.0,0.134,0.256,0.0,12.0,3.0,120.0,4.0,0.5933737740000001,0.04100000000000001,-1.0,0,2
678,-4.0,3.0,-1.0,-1.0,1.0,-0.18000000000000005,-0.32,0.0,-13.0,-3.0,-153.0,-6.0,-1.904854641,0.05099999999999999,-1.0,2,2
679,-6.0,1.0,-5.0,1.0,0.0,-0.14900000000000002,-0.29200000000000004,0.0,-5.0,-2.0,-121.0,-3.0,-0.4602086339999999,0.013000000000000012,1.0,1,1
680,-1.0,0.0,2.0,2.0,0.0,0.14400000000000002,0.33,0.0,5.0,1.0,196.0,0.0,1.188723419,-0.04200000000000001,0.0,1,1
681,-6.0,-1.0,0.0,0.0,0.0,-0.10599999999999998,-0.414,0.0,-9.0,-4.0,-201.0,0.0,-0.49159043900000016,0.09,-1.0,0,0
